AlarmCode,AlarmType,E_ErrMessage,C_ErrMessage,E_Description,C_Description
40000,4,"The cylinder [C_TrayArmZ_Up_Off] can not off error","The cylinder [C_TrayArmZ_Up_Off] can not off error","[1] check sensor \r\n[2] check wire \r\n[3] check air or air tube","[1] check sensor \r\n[2] check wire \r\n[3] check air or air tube"
40001,4,"The cylinder [C_TrayArmZ_Up_Off] can not on error","The cylinder [C_TrayArmZ_Up_Off] can not on error","[1] check sensor \r\n[2] check wire \r\n[3] check air or air tube","[1] check sensor \r\n[2] check wire \r\n[3] check air or air tube"
40002,4,"The cylinder [C_TrayArmZ_Up_Off] off sensor is on error","The cylinder [C_TrayArmZ_Up_Off] off sensor is on error","[1] check sensor \r\n[2] check wire \r\n[3] check air or air tube","[1] check sensor \r\n[2] check wire \r\n[3] check air or air tube"
40003,4,"The cylinder [C_TrayArmZ_Up_On] can not on error","The cylinder [C_TrayArmZ_Up_On] can not on error","[1] check sensor \r\n[2] check wire \r\n[3] check air or air tube","[1] check sensor \r\n[2] check wire \r\n[3] check air or air tube"
40004,4,"The cylinder [C_TrayArmZ_Up_On] can not off error","The cylinder [C_TrayArmZ_Up_On] can not off error","[1] check sensor \r\n[2] check wire \r\n[3] check air or air tube","[1] check sensor \r\n[2] check wire \r\n[3] check air or air tube"
40005,4,"The cylinder [C_TrayArmZ_Up_On] on sensor is on error","The cylinder [C_TrayArmZ_Up_On] on sensor is on error","[1] check sensor \r\n[2] check wire \r\n[3] check air or air tube","[1] check sensor \r\n[2] check wire \r\n[3] check air or air tube"
40010,4,"The cylinder [C_TrayArmZ_Down_Off] can not off error","The cylinder [C_TrayArmZ_Down_Off] can not off error","[1] check sensor \r\n[2] check wire \r\n[3] check air or air tube","[1] check sensor \r\n[2] check wire \r\n[3] check air or air tube"
40011,4,"The cylinder [C_TrayArmZ_Down_Off] can not on error","The cylinder [C_TrayArmZ_Down_Off] can not on error","[1] check sensor \r\n[2] check wire \r\n[3] check air or air tube","[1] check sensor \r\n[2] check wire \r\n[3] check air or air tube"
40012,4,"The cylinder [C_TrayArmZ_Down_Off] off sensor is on error","The cylinder [C_TrayArmZ_Down_Off] off sensor is on error","[1] check sensor \r\n[2] check wire \r\n[3] check air or air tube","[1] check sensor \r\n[2] check wire \r\n[3] check air or air tube"
40013,4,"The cylinder [C_TrayArmZ_Down_On] can not on error","The cylinder [C_TrayArmZ_Down_On] can not on error","[1] check sensor \r\n[2] check wire \r\n[3] check air or air tube","[1] check sensor \r\n[2] check wire \r\n[3] check air or air tube"
40014,4,"The cylinder [C_TrayArmZ_Down_On] can not off error","The cylinder [C_TrayArmZ_Down_On] can not off error","[1] check sensor \r\n[2] check wire \r\n[3] check air or air tube","[1] check sensor \r\n[2] check wire \r\n[3] check air or air tube"
40015,4,"The cylinder [C_TrayArmZ_Down_On] on sensor is on error","The cylinder [C_TrayArmZ_Down_On] on sensor is on error","[1] check sensor \r\n[2] check wire \r\n[3] check air or air tube","[1] check sensor \r\n[2] check wire \r\n[3] check air or air tube"
40020,4,"The cylinder [C_TrayArm_FrontClamp_Off] can not off error","The cylinder [C_TrayArm_FrontClamp_Off] can not off error","[1] check sensor \r\n[2] check wire \r\n[3] check air or air tube","[1] check sensor \r\n[2] check wire \r\n[3] check air or air tube"
40021,4,"The cylinder [C_TrayArm_FrontClamp_Off] can not on error","The cylinder [C_TrayArm_FrontClamp_Off] can not on error","[1] check sensor \r\n[2] check wire \r\n[3] check air or air tube","[1] check sensor \r\n[2] check wire \r\n[3] check air or air tube"
40022,4,"The cylinder [C_TrayArm_FrontClamp_Off] off sensor is on error","The cylinder [C_TrayArm_FrontClamp_Off] off sensor is on error","[1] check sensor \r\n[2] check wire \r\n[3] check air or air tube","[1] check sensor \r\n[2] check wire \r\n[3] check air or air tube"
40023,4,"The cylinder [C_TrayArm_FrontClamp_On] can not on error","The cylinder [C_TrayArm_FrontClamp_On] can not on error","[1] check sensor \r\n[2] check wire \r\n[3] check air or air tube","[1] check sensor \r\n[2] check wire \r\n[3] check air or air tube"
40024,4,"The cylinder [C_TrayArm_FrontClamp_On] can not off error","The cylinder [C_TrayArm_FrontClamp_On] can not off error","[1] check sensor \r\n[2] check wire \r\n[3] check air or air tube","[1] check sensor \r\n[2] check wire \r\n[3] check air or air tube"
40025,4,"The cylinder [C_TrayArm_FrontClamp_On] on sensor is on error","The cylinder [C_TrayArm_FrontClamp_On] on sensor is on error","[1] check sensor \r\n[2] check wire \r\n[3] check air or air tube","[1] check sensor \r\n[2] check wire \r\n[3] check air or air tube"
40030,4,"The cylinder [C_TrayArm_RearClamp_Off] can not off error","The cylinder [C_TrayArm_RearClamp_Off] can not off error","[1] check sensor \r\n[2] check wire \r\n[3] check air or air tube","[1] check sensor \r\n[2] check wire \r\n[3] check air or air tube"
40031,4,"The cylinder [C_TrayArm_RearClamp_Off] can not on error","The cylinder [C_TrayArm_RearClamp_Off] can not on error","[1] check sensor \r\n[2] check wire \r\n[3] check air or air tube","[1] check sensor \r\n[2] check wire \r\n[3] check air or air tube"
40032,4,"The cylinder [C_TrayArm_RearClamp_Off] off sensor is on error","The cylinder [C_TrayArm_RearClamp_Off] off sensor is on error","[1] check sensor \r\n[2] check wire \r\n[3] check air or air tube","[1] check sensor \r\n[2] check wire \r\n[3] check air or air tube"
40033,4,"The cylinder [C_TrayArm_RearClamp_On] can not on error","The cylinder [C_TrayArm_RearClamp_On] can not on error","[1] check sensor \r\n[2] check wire \r\n[3] check air or air tube","[1] check sensor \r\n[2] check wire \r\n[3] check air or air tube"
40034,4,"The cylinder [C_TrayArm_RearClamp_On] can not off error","The cylinder [C_TrayArm_RearClamp_On] can not off error","[1] check sensor \r\n[2] check wire \r\n[3] check air or air tube","[1] check sensor \r\n[2] check wire \r\n[3] check air or air tube"
40035,4,"The cylinder [C_TrayArm_RearClamp_On] on sensor is on error","The cylinder [C_TrayArm_RearClamp_On] on sensor is on error","[1] check sensor \r\n[2] check wire \r\n[3] check air or air tube","[1] check sensor \r\n[2] check wire \r\n[3] check air or air tube"
40040,4,"The cylinder [C_Empty_FrontRiseTray_1_Off] can not off error","The cylinder [C_Empty_FrontRiseTray_1_Off] can not off error","[1] check sensor \r\n[2] check wire \r\n[3] check air or air tube","[1] check sensor \r\n[2] check wire \r\n[3] check air or air tube"
40041,4,"The cylinder [C_Empty_FrontRiseTray_1_Off] can not on error","The cylinder [C_Empty_FrontRiseTray_1_Off] can not on error","[1] check sensor \r\n[2] check wire \r\n[3] check air or air tube","[1] check sensor \r\n[2] check wire \r\n[3] check air or air tube"
40042,4,"The cylinder [C_Empty_FrontRiseTray_1_Off] off sensor is on error","The cylinder [C_Empty_FrontRiseTray_1_Off] off sensor is on error","[1] check sensor \r\n[2] check wire \r\n[3] check air or air tube","[1] check sensor \r\n[2] check wire \r\n[3] check air or air tube"
40043,4,"The cylinder [C_Empty_FrontRiseTray_1_On] can not on error","The cylinder [C_Empty_FrontRiseTray_1_On] can not on error","[1] check sensor \r\n[2] check wire \r\n[3] check air or air tube","[1] check sensor \r\n[2] check wire \r\n[3] check air or air tube"
40044,4,"The cylinder [C_Empty_FrontRiseTray_1_On] can not off error","The cylinder [C_Empty_FrontRiseTray_1_On] can not off error","[1] check sensor \r\n[2] check wire \r\n[3] check air or air tube","[1] check sensor \r\n[2] check wire \r\n[3] check air or air tube"
40045,4,"The cylinder [C_Empty_FrontRiseTray_1_On] on sensor is on error","The cylinder [C_Empty_FrontRiseTray_1_On] on sensor is on error","[1] check sensor \r\n[2] check wire \r\n[3] check air or air tube","[1] check sensor \r\n[2] check wire \r\n[3] check air or air tube"
40050,4,"The cylinder [C_Empty_FrontRiseTray_2_Off] can not off error","The cylinder [C_Empty_FrontRiseTray_2_Off] can not off error","[1] check sensor \r\n[2] check wire \r\n[3] check air or air tube","[1] check sensor \r\n[2] check wire \r\n[3] check air or air tube"
40051,4,"The cylinder [C_Empty_FrontRiseTray_2_Off] can not on error","The cylinder [C_Empty_FrontRiseTray_2_Off] can not on error","[1] check sensor \r\n[2] check wire \r\n[3] check air or air tube","[1] check sensor \r\n[2] check wire \r\n[3] check air or air tube"
40052,4,"The cylinder [C_Empty_FrontRiseTray_2_Off] off sensor is on error","The cylinder [C_Empty_FrontRiseTray_2_Off] off sensor is on error","[1] check sensor \r\n[2] check wire \r\n[3] check air or air tube","[1] check sensor \r\n[2] check wire \r\n[3] check air or air tube"
40053,4,"The cylinder [C_Empty_FrontRiseTray_2_On] can not on error","The cylinder [C_Empty_FrontRiseTray_2_On] can not on error","[1] check sensor \r\n[2] check wire \r\n[3] check air or air tube","[1] check sensor \r\n[2] check wire \r\n[3] check air or air tube"
40054,4,"The cylinder [C_Empty_FrontRiseTray_2_On] can not off error","The cylinder [C_Empty_FrontRiseTray_2_On] can not off error","[1] check sensor \r\n[2] check wire \r\n[3] check air or air tube","[1] check sensor \r\n[2] check wire \r\n[3] check air or air tube"
40055,4,"The cylinder [C_Empty_FrontRiseTray_2_On] on sensor is on error","The cylinder [C_Empty_FrontRiseTray_2_On] on sensor is on error","[1] check sensor \r\n[2] check wire \r\n[3] check air or air tube","[1] check sensor \r\n[2] check wire \r\n[3] check air or air tube"
40060,4,"The cylinder [C_Empty_PushTray_Off] can not off error","The cylinder [C_Empty_PushTray_Off] can not off error","[1] check sensor \r\n[2] check wire \r\n[3] check air or air tube","[1] check sensor \r\n[2] check wire \r\n[3] check air or air tube"
40061,4,"The cylinder [C_Empty_PushTray_Off] can not on error","The cylinder [C_Empty_PushTray_Off] can not on error","[1] check sensor \r\n[2] check wire \r\n[3] check air or air tube","[1] check sensor \r\n[2] check wire \r\n[3] check air or air tube"
40062,4,"The cylinder [C_Empty_PushTray_Off] off sensor is on error","The cylinder [C_Empty_PushTray_Off] off sensor is on error","[1] check sensor \r\n[2] check wire \r\n[3] check air or air tube","[1] check sensor \r\n[2] check wire \r\n[3] check air or air tube"
40063,4,"The cylinder [C_Empty_PushTray_On] can not on error","The cylinder [C_Empty_PushTray_On] can not on error","[1] check sensor \r\n[2] check wire \r\n[3] check air or air tube","[1] check sensor \r\n[2] check wire \r\n[3] check air or air tube"
40064,4,"The cylinder [C_Empty_PushTray_On] can not off error","The cylinder [C_Empty_PushTray_On] can not off error","[1] check sensor \r\n[2] check wire \r\n[3] check air or air tube","[1] check sensor \r\n[2] check wire \r\n[3] check air or air tube"
40065,4,"The cylinder [C_Empty_PushTray_On] on sensor is on error","The cylinder [C_Empty_PushTray_On] on sensor is on error","[1] check sensor \r\n[2] check wire \r\n[3] check air or air tube","[1] check sensor \r\n[2] check wire \r\n[3] check air or air tube"
40070,4,"The cylinder [C_Empty_LeanOnTray_Off] can not off error","The cylinder [C_Empty_LeanOnTray_Off] can not off error","[1] check sensor \r\n[2] check wire \r\n[3] check air or air tube","[1] check sensor \r\n[2] check wire \r\n[3] check air or air tube"
40071,4,"The cylinder [C_Empty_LeanOnTray_Off] can not on error","The cylinder [C_Empty_LeanOnTray_Off] can not on error","[1] check sensor \r\n[2] check wire \r\n[3] check air or air tube","[1] check sensor \r\n[2] check wire \r\n[3] check air or air tube"
40072,4,"The cylinder [C_Empty_LeanOnTray_Off] off sensor is on error","The cylinder [C_Empty_LeanOnTray_Off] off sensor is on error","[1] check sensor \r\n[2] check wire \r\n[3] check air or air tube","[1] check sensor \r\n[2] check wire \r\n[3] check air or air tube"
40073,4,"The cylinder [C_Empty_LeanOnTray_On] can not on error","The cylinder [C_Empty_LeanOnTray_On] can not on error","[1] check sensor \r\n[2] check wire \r\n[3] check air or air tube","[1] check sensor \r\n[2] check wire \r\n[3] check air or air tube"
40074,4,"The cylinder [C_Empty_LeanOnTray_On] can not off error","The cylinder [C_Empty_LeanOnTray_On] can not off error","[1] check sensor \r\n[2] check wire \r\n[3] check air or air tube","[1] check sensor \r\n[2] check wire \r\n[3] check air or air tube"
40075,4,"The cylinder [C_Empty_LeanOnTray_On] on sensor is on error","The cylinder [C_Empty_LeanOnTray_On] on sensor is on error","[1] check sensor \r\n[2] check wire \r\n[3] check air or air tube","[1] check sensor \r\n[2] check wire \r\n[3] check air or air tube"
40080,4,"The cylinder [C_Empty_FrontSeparateTray_1_Off] can not off error","The cylinder [C_Empty_FrontSeparateTray_1_Off] can not off error","[1] check sensor \r\n[2] check wire \r\n[3] check air or air tube","[1] check sensor \r\n[2] check wire \r\n[3] check air or air tube"
40081,4,"The cylinder [C_Empty_FrontSeparateTray_1_Off] can not on error","The cylinder [C_Empty_FrontSeparateTray_1_Off] can not on error","[1] check sensor \r\n[2] check wire \r\n[3] check air or air tube","[1] check sensor \r\n[2] check wire \r\n[3] check air or air tube"
40082,4,"The cylinder [C_Empty_FrontSeparateTray_1_Off] off sensor is on error","The cylinder [C_Empty_FrontSeparateTray_1_Off] off sensor is on error","[1] check sensor \r\n[2] check wire \r\n[3] check air or air tube","[1] check sensor \r\n[2] check wire \r\n[3] check air or air tube"
40083,4,"The cylinder [C_Empty_FrontSeparateTray_1_On] can not on error","The cylinder [C_Empty_FrontSeparateTray_1_On] can not on error","[1] check sensor \r\n[2] check wire \r\n[3] check air or air tube","[1] check sensor \r\n[2] check wire \r\n[3] check air or air tube"
40084,4,"The cylinder [C_Empty_FrontSeparateTray_1_On] can not off error","The cylinder [C_Empty_FrontSeparateTray_1_On] can not off error","[1] check sensor \r\n[2] check wire \r\n[3] check air or air tube","[1] check sensor \r\n[2] check wire \r\n[3] check air or air tube"
40085,4,"The cylinder [C_Empty_FrontSeparateTray_1_On] on sensor is on error","The cylinder [C_Empty_FrontSeparateTray_1_On] on sensor is on error","[1] check sensor \r\n[2] check wire \r\n[3] check air or air tube","[1] check sensor \r\n[2] check wire \r\n[3] check air or air tube"
40090,4,"The cylinder [C_Loader_FrontRiseTray_1_Off] can not off error","The cylinder [C_Loader_FrontRiseTray_1_Off] can not off error","[1] check sensor \r\n[2] check wire \r\n[3] check air or air tube","[1] check sensor \r\n[2] check wire \r\n[3] check air or air tube"
40091,4,"The cylinder [C_Loader_FrontRiseTray_1_Off] can not on error","The cylinder [C_Loader_FrontRiseTray_1_Off] can not on error","[1] check sensor \r\n[2] check wire \r\n[3] check air or air tube","[1] check sensor \r\n[2] check wire \r\n[3] check air or air tube"
40092,4,"The cylinder [C_Loader_FrontRiseTray_1_Off] off sensor is on error","The cylinder [C_Loader_FrontRiseTray_1_Off] off sensor is on error","[1] check sensor \r\n[2] check wire \r\n[3] check air or air tube","[1] check sensor \r\n[2] check wire \r\n[3] check air or air tube"
40093,4,"The cylinder [C_Loader_FrontRiseTray_1_On] can not on error","The cylinder [C_Loader_FrontRiseTray_1_On] can not on error","[1] check sensor \r\n[2] check wire \r\n[3] check air or air tube","[1] check sensor \r\n[2] check wire \r\n[3] check air or air tube"
40094,4,"The cylinder [C_Loader_FrontRiseTray_1_On] can not off error","The cylinder [C_Loader_FrontRiseTray_1_On] can not off error","[1] check sensor \r\n[2] check wire \r\n[3] check air or air tube","[1] check sensor \r\n[2] check wire \r\n[3] check air or air tube"
40095,4,"The cylinder [C_Loader_FrontRiseTray_1_On] on sensor is on error","The cylinder [C_Loader_FrontRiseTray_1_On] on sensor is on error","[1] check sensor \r\n[2] check wire \r\n[3] check air or air tube","[1] check sensor \r\n[2] check wire \r\n[3] check air or air tube"
40100,4,"The cylinder [C_Loader_FrontRiseTray_2_Off] can not off error","The cylinder [C_Loader_FrontRiseTray_2_Off] can not off error","[1] check sensor \r\n[2] check wire \r\n[3] check air or air tube","[1] check sensor \r\n[2] check wire \r\n[3] check air or air tube"
40101,4,"The cylinder [C_Loader_FrontRiseTray_2_Off] can not on error","The cylinder [C_Loader_FrontRiseTray_2_Off] can not on error","[1] check sensor \r\n[2] check wire \r\n[3] check air or air tube","[1] check sensor \r\n[2] check wire \r\n[3] check air or air tube"
40102,4,"The cylinder [C_Loader_FrontRiseTray_2_Off] off sensor is on error","The cylinder [C_Loader_FrontRiseTray_2_Off] off sensor is on error","[1] check sensor \r\n[2] check wire \r\n[3] check air or air tube","[1] check sensor \r\n[2] check wire \r\n[3] check air or air tube"
40103,4,"The cylinder [C_Loader_FrontRiseTray_2_On] can not on error","The cylinder [C_Loader_FrontRiseTray_2_On] can not on error","[1] check sensor \r\n[2] check wire \r\n[3] check air or air tube","[1] check sensor \r\n[2] check wire \r\n[3] check air or air tube"
40104,4,"The cylinder [C_Loader_FrontRiseTray_2_On] can not off error","The cylinder [C_Loader_FrontRiseTray_2_On] can not off error","[1] check sensor \r\n[2] check wire \r\n[3] check air or air tube","[1] check sensor \r\n[2] check wire \r\n[3] check air or air tube"
40105,4,"The cylinder [C_Loader_FrontRiseTray_2_On] on sensor is on error","The cylinder [C_Loader_FrontRiseTray_2_On] on sensor is on error","[1] check sensor \r\n[2] check wire \r\n[3] check air or air tube","[1] check sensor \r\n[2] check wire \r\n[3] check air or air tube"
40110,4,"The cylinder [C_Loader1_PushTray_Off] can not off error","The cylinder [C_Loader1_PushTray_Off] can not off error","[1] check sensor \r\n[2] check wire \r\n[3] check air or air tube","[1] check sensor \r\n[2] check wire \r\n[3] check air or air tube"
40111,4,"The cylinder [C_Loader1_PushTray_Off] can not on error","The cylinder [C_Loader1_PushTray_Off] can not on error","[1] check sensor \r\n[2] check wire \r\n[3] check air or air tube","[1] check sensor \r\n[2] check wire \r\n[3] check air or air tube"
40112,4,"The cylinder [C_Loader1_PushTray_Off] off sensor is on error","The cylinder [C_Loader1_PushTray_Off] off sensor is on error","[1] check sensor \r\n[2] check wire \r\n[3] check air or air tube","[1] check sensor \r\n[2] check wire \r\n[3] check air or air tube"
40113,4,"The cylinder [C_Loader1_PushTray_On] can not on error","The cylinder [C_Loader1_PushTray_On] can not on error","[1] check sensor \r\n[2] check wire \r\n[3] check air or air tube","[1] check sensor \r\n[2] check wire \r\n[3] check air or air tube"
40114,4,"The cylinder [C_Loader1_PushTray_On] can not off error","The cylinder [C_Loader1_PushTray_On] can not off error","[1] check sensor \r\n[2] check wire \r\n[3] check air or air tube","[1] check sensor \r\n[2] check wire \r\n[3] check air or air tube"
40115,4,"The cylinder [C_Loader1_PushTray_On] on sensor is on error","The cylinder [C_Loader1_PushTray_On] on sensor is on error","[1] check sensor \r\n[2] check wire \r\n[3] check air or air tube","[1] check sensor \r\n[2] check wire \r\n[3] check air or air tube"
40120,4,"The cylinder [C_Loader2_PushTray_Off] can not off error","The cylinder [C_Loader2_PushTray_Off] can not off error","[1] check sensor \r\n[2] check wire \r\n[3] check air or air tube","[1] check sensor \r\n[2] check wire \r\n[3] check air or air tube"
40121,4,"The cylinder [C_Loader2_PushTray_Off] can not on error","The cylinder [C_Loader2_PushTray_Off] can not on error","[1] check sensor \r\n[2] check wire \r\n[3] check air or air tube","[1] check sensor \r\n[2] check wire \r\n[3] check air or air tube"
40122,4,"The cylinder [C_Loader2_PushTray_Off] off sensor is on error","The cylinder [C_Loader2_PushTray_Off] off sensor is on error","[1] check sensor \r\n[2] check wire \r\n[3] check air or air tube","[1] check sensor \r\n[2] check wire \r\n[3] check air or air tube"
40123,4,"The cylinder [C_Loader2_PushTray_On] can not on error","The cylinder [C_Loader2_PushTray_On] can not on error","[1] check sensor \r\n[2] check wire \r\n[3] check air or air tube","[1] check sensor \r\n[2] check wire \r\n[3] check air or air tube"
40124,4,"The cylinder [C_Loader2_PushTray_On] can not off error","The cylinder [C_Loader2_PushTray_On] can not off error","[1] check sensor \r\n[2] check wire \r\n[3] check air or air tube","[1] check sensor \r\n[2] check wire \r\n[3] check air or air tube"
40125,4,"The cylinder [C_Loader2_PushTray_On] on sensor is on error","The cylinder [C_Loader2_PushTray_On] on sensor is on error","[1] check sensor \r\n[2] check wire \r\n[3] check air or air tube","[1] check sensor \r\n[2] check wire \r\n[3] check air or air tube"
40130,4,"The cylinder [C_Loader1_LeanOnTray_Off] can not off error","The cylinder [C_Loader1_LeanOnTray_Off] can not off error","[1] check sensor \r\n[2] check wire \r\n[3] check air or air tube","[1] check sensor \r\n[2] check wire \r\n[3] check air or air tube"
40131,4,"The cylinder [C_Loader1_LeanOnTray_Off] can not on error","The cylinder [C_Loader1_LeanOnTray_Off] can not on error","[1] check sensor \r\n[2] check wire \r\n[3] check air or air tube","[1] check sensor \r\n[2] check wire \r\n[3] check air or air tube"
40132,4,"The cylinder [C_Loader1_LeanOnTray_Off] off sensor is on error","The cylinder [C_Loader1_LeanOnTray_Off] off sensor is on error","[1] check sensor \r\n[2] check wire \r\n[3] check air or air tube","[1] check sensor \r\n[2] check wire \r\n[3] check air or air tube"
40133,4,"The cylinder [C_Loader1_LeanOnTray_On] can not on error","The cylinder [C_Loader1_LeanOnTray_On] can not on error","[1] check sensor \r\n[2] check wire \r\n[3] check air or air tube","[1] check sensor \r\n[2] check wire \r\n[3] check air or air tube"
40134,4,"The cylinder [C_Loader1_LeanOnTray_On] can not off error","The cylinder [C_Loader1_LeanOnTray_On] can not off error","[1] check sensor \r\n[2] check wire \r\n[3] check air or air tube","[1] check sensor \r\n[2] check wire \r\n[3] check air or air tube"
40135,4,"The cylinder [C_Loader1_LeanOnTray_On] on sensor is on error","The cylinder [C_Loader1_LeanOnTray_On] on sensor is on error","[1] check sensor \r\n[2] check wire \r\n[3] check air or air tube","[1] check sensor \r\n[2] check wire \r\n[3] check air or air tube"
40140,4,"The cylinder [C_Loader2_LeanOnTray_Off] can not off error","The cylinder [C_Loader2_LeanOnTray_Off] can not off error","[1] check sensor \r\n[2] check wire \r\n[3] check air or air tube","[1] check sensor \r\n[2] check wire \r\n[3] check air or air tube"
40141,4,"The cylinder [C_Loader2_LeanOnTray_Off] can not on error","The cylinder [C_Loader2_LeanOnTray_Off] can not on error","[1] check sensor \r\n[2] check wire \r\n[3] check air or air tube","[1] check sensor \r\n[2] check wire \r\n[3] check air or air tube"
40142,4,"The cylinder [C_Loader2_LeanOnTray_Off] off sensor is on error","The cylinder [C_Loader2_LeanOnTray_Off] off sensor is on error","[1] check sensor \r\n[2] check wire \r\n[3] check air or air tube","[1] check sensor \r\n[2] check wire \r\n[3] check air or air tube"
40143,4,"The cylinder [C_Loader2_LeanOnTray_On] can not on error","The cylinder [C_Loader2_LeanOnTray_On] can not on error","[1] check sensor \r\n[2] check wire \r\n[3] check air or air tube","[1] check sensor \r\n[2] check wire \r\n[3] check air or air tube"
40144,4,"The cylinder [C_Loader2_LeanOnTray_On] can not off error","The cylinder [C_Loader2_LeanOnTray_On] can not off error","[1] check sensor \r\n[2] check wire \r\n[3] check air or air tube","[1] check sensor \r\n[2] check wire \r\n[3] check air or air tube"
40145,4,"The cylinder [C_Loader2_LeanOnTray_On] on sensor is on error","The cylinder [C_Loader2_LeanOnTray_On] on sensor is on error","[1] check sensor \r\n[2] check wire \r\n[3] check air or air tube","[1] check sensor \r\n[2] check wire \r\n[3] check air or air tube"
40150,4,"The cylinder [C_Loader_FrontSeparateTray_1_Off] can not off error","The cylinder [C_Loader_FrontSeparateTray_1_Off] can not off error","[1] check sensor \r\n[2] check wire \r\n[3] check air or air tube","[1] check sensor \r\n[2] check wire \r\n[3] check air or air tube"
40151,4,"The cylinder [C_Loader_FrontSeparateTray_1_Off] can not on error","The cylinder [C_Loader_FrontSeparateTray_1_Off] can not on error","[1] check sensor \r\n[2] check wire \r\n[3] check air or air tube","[1] check sensor \r\n[2] check wire \r\n[3] check air or air tube"
40152,4,"The cylinder [C_Loader_FrontSeparateTray_1_Off] off sensor is on error","The cylinder [C_Loader_FrontSeparateTray_1_Off] off sensor is on error","[1] check sensor \r\n[2] check wire \r\n[3] check air or air tube","[1] check sensor \r\n[2] check wire \r\n[3] check air or air tube"
40153,4,"The cylinder [C_Loader_FrontSeparateTray_1_On] can not on error","The cylinder [C_Loader_FrontSeparateTray_1_On] can not on error","[1] check sensor \r\n[2] check wire \r\n[3] check air or air tube","[1] check sensor \r\n[2] check wire \r\n[3] check air or air tube"
40154,4,"The cylinder [C_Loader_FrontSeparateTray_1_On] can not off error","The cylinder [C_Loader_FrontSeparateTray_1_On] can not off error","[1] check sensor \r\n[2] check wire \r\n[3] check air or air tube","[1] check sensor \r\n[2] check wire \r\n[3] check air or air tube"
40155,4,"The cylinder [C_Loader_FrontSeparateTray_1_On] on sensor is on error","The cylinder [C_Loader_FrontSeparateTray_1_On] on sensor is on error","[1] check sensor \r\n[2] check wire \r\n[3] check air or air tube","[1] check sensor \r\n[2] check wire \r\n[3] check air or air tube"
40160,4,"The cylinder [C_Auto1_FrontRiseTray_Off] can not off error","The cylinder [C_Auto1_FrontRiseTray_Off] can not off error","[1] check sensor \r\n[2] check wire \r\n[3] check air or air tube","[1] check sensor \r\n[2] check wire \r\n[3] check air or air tube"
40161,4,"The cylinder [C_Auto1_FrontRiseTray_Off] can not on error","The cylinder [C_Auto1_FrontRiseTray_Off] can not on error","[1] check sensor \r\n[2] check wire \r\n[3] check air or air tube","[1] check sensor \r\n[2] check wire \r\n[3] check air or air tube"
40162,4,"The cylinder [C_Auto1_FrontRiseTray_Off] off sensor is on error","The cylinder [C_Auto1_FrontRiseTray_Off] off sensor is on error","[1] check sensor \r\n[2] check wire \r\n[3] check air or air tube","[1] check sensor \r\n[2] check wire \r\n[3] check air or air tube"
40163,4,"The cylinder [C_Auto1_FrontRiseTray_On] can not on error","The cylinder [C_Auto1_FrontRiseTray_On] can not on error","[1] check sensor \r\n[2] check wire \r\n[3] check air or air tube","[1] check sensor \r\n[2] check wire \r\n[3] check air or air tube"
40164,4,"The cylinder [C_Auto1_FrontRiseTray_On] can not off error","The cylinder [C_Auto1_FrontRiseTray_On] can not off error","[1] check sensor \r\n[2] check wire \r\n[3] check air or air tube","[1] check sensor \r\n[2] check wire \r\n[3] check air or air tube"
40165,4,"The cylinder [C_Auto1_FrontRiseTray_On] on sensor is on error","The cylinder [C_Auto1_FrontRiseTray_On] on sensor is on error","[1] check sensor \r\n[2] check wire \r\n[3] check air or air tube","[1] check sensor \r\n[2] check wire \r\n[3] check air or air tube"
40170,4,"The cylinder [C_Auto1_PushTray_Off] can not off error","The cylinder [C_Auto1_PushTray_Off] can not off error","[1] check sensor \r\n[2] check wire \r\n[3] check air or air tube","[1] check sensor \r\n[2] check wire \r\n[3] check air or air tube"
40171,4,"The cylinder [C_Auto1_PushTray_Off] can not on error","The cylinder [C_Auto1_PushTray_Off] can not on error","[1] check sensor \r\n[2] check wire \r\n[3] check air or air tube","[1] check sensor \r\n[2] check wire \r\n[3] check air or air tube"
40172,4,"The cylinder [C_Auto1_PushTray_Off] off sensor is on error","The cylinder [C_Auto1_PushTray_Off] off sensor is on error","[1] check sensor \r\n[2] check wire \r\n[3] check air or air tube","[1] check sensor \r\n[2] check wire \r\n[3] check air or air tube"
40173,4,"The cylinder [C_Auto1_PushTray_On] can not on error","The cylinder [C_Auto1_PushTray_On] can not on error","[1] check sensor \r\n[2] check wire \r\n[3] check air or air tube","[1] check sensor \r\n[2] check wire \r\n[3] check air or air tube"
40174,4,"The cylinder [C_Auto1_PushTray_On] can not off error","The cylinder [C_Auto1_PushTray_On] can not off error","[1] check sensor \r\n[2] check wire \r\n[3] check air or air tube","[1] check sensor \r\n[2] check wire \r\n[3] check air or air tube"
40175,4,"The cylinder [C_Auto1_PushTray_On] on sensor is on error","The cylinder [C_Auto1_PushTray_On] on sensor is on error","[1] check sensor \r\n[2] check wire \r\n[3] check air or air tube","[1] check sensor \r\n[2] check wire \r\n[3] check air or air tube"
40180,4,"The cylinder [C_Auto1_LeanOnTray_Off] can not off error","The cylinder [C_Auto1_LeanOnTray_Off] can not off error","[1] check sensor \r\n[2] check wire \r\n[3] check air or air tube","[1] check sensor \r\n[2] check wire \r\n[3] check air or air tube"
40181,4,"The cylinder [C_Auto1_LeanOnTray_Off] can not on error","The cylinder [C_Auto1_LeanOnTray_Off] can not on error","[1] check sensor \r\n[2] check wire \r\n[3] check air or air tube","[1] check sensor \r\n[2] check wire \r\n[3] check air or air tube"
40182,4,"The cylinder [C_Auto1_LeanOnTray_Off] off sensor is on error","The cylinder [C_Auto1_LeanOnTray_Off] off sensor is on error","[1] check sensor \r\n[2] check wire \r\n[3] check air or air tube","[1] check sensor \r\n[2] check wire \r\n[3] check air or air tube"
40183,4,"The cylinder [C_Auto1_LeanOnTray_On] can not on error","The cylinder [C_Auto1_LeanOnTray_On] can not on error","[1] check sensor \r\n[2] check wire \r\n[3] check air or air tube","[1] check sensor \r\n[2] check wire \r\n[3] check air or air tube"
40184,4,"The cylinder [C_Auto1_LeanOnTray_On] can not off error","The cylinder [C_Auto1_LeanOnTray_On] can not off error","[1] check sensor \r\n[2] check wire \r\n[3] check air or air tube","[1] check sensor \r\n[2] check wire \r\n[3] check air or air tube"
40185,4,"The cylinder [C_Auto1_LeanOnTray_On] on sensor is on error","The cylinder [C_Auto1_LeanOnTray_On] on sensor is on error","[1] check sensor \r\n[2] check wire \r\n[3] check air or air tube","[1] check sensor \r\n[2] check wire \r\n[3] check air or air tube"
40190,4,"The cylinder [C_Auto2_FrontRiseTray_Off] can not off error","The cylinder [C_Auto2_FrontRiseTray_Off] can not off error","[1] check sensor \r\n[2] check wire \r\n[3] check air or air tube","[1] check sensor \r\n[2] check wire \r\n[3] check air or air tube"
40191,4,"The cylinder [C_Auto2_FrontRiseTray_Off] can not on error","The cylinder [C_Auto2_FrontRiseTray_Off] can not on error","[1] check sensor \r\n[2] check wire \r\n[3] check air or air tube","[1] check sensor \r\n[2] check wire \r\n[3] check air or air tube"
40192,4,"The cylinder [C_Auto2_FrontRiseTray_Off] off sensor is on error","The cylinder [C_Auto2_FrontRiseTray_Off] off sensor is on error","[1] check sensor \r\n[2] check wire \r\n[3] check air or air tube","[1] check sensor \r\n[2] check wire \r\n[3] check air or air tube"
40193,4,"The cylinder [C_Auto2_FrontRiseTray_On] can not on error","The cylinder [C_Auto2_FrontRiseTray_On] can not on error","[1] check sensor \r\n[2] check wire \r\n[3] check air or air tube","[1] check sensor \r\n[2] check wire \r\n[3] check air or air tube"
40194,4,"The cylinder [C_Auto2_FrontRiseTray_On] can not off error","The cylinder [C_Auto2_FrontRiseTray_On] can not off error","[1] check sensor \r\n[2] check wire \r\n[3] check air or air tube","[1] check sensor \r\n[2] check wire \r\n[3] check air or air tube"
40195,4,"The cylinder [C_Auto2_FrontRiseTray_On] on sensor is on error","The cylinder [C_Auto2_FrontRiseTray_On] on sensor is on error","[1] check sensor \r\n[2] check wire \r\n[3] check air or air tube","[1] check sensor \r\n[2] check wire \r\n[3] check air or air tube"
40200,4,"The cylinder [C_Auto2_PushTray_Off] can not off error","The cylinder [C_Auto2_PushTray_Off] can not off error","[1] check sensor \r\n[2] check wire \r\n[3] check air or air tube","[1] check sensor \r\n[2] check wire \r\n[3] check air or air tube"
40201,4,"The cylinder [C_Auto2_PushTray_Off] can not on error","The cylinder [C_Auto2_PushTray_Off] can not on error","[1] check sensor \r\n[2] check wire \r\n[3] check air or air tube","[1] check sensor \r\n[2] check wire \r\n[3] check air or air tube"
40202,4,"The cylinder [C_Auto2_PushTray_Off] off sensor is on error","The cylinder [C_Auto2_PushTray_Off] off sensor is on error","[1] check sensor \r\n[2] check wire \r\n[3] check air or air tube","[1] check sensor \r\n[2] check wire \r\n[3] check air or air tube"
40203,4,"The cylinder [C_Auto2_PushTray_On] can not on error","The cylinder [C_Auto2_PushTray_On] can not on error","[1] check sensor \r\n[2] check wire \r\n[3] check air or air tube","[1] check sensor \r\n[2] check wire \r\n[3] check air or air tube"
40204,4,"The cylinder [C_Auto2_PushTray_On] can not off error","The cylinder [C_Auto2_PushTray_On] can not off error","[1] check sensor \r\n[2] check wire \r\n[3] check air or air tube","[1] check sensor \r\n[2] check wire \r\n[3] check air or air tube"
40205,4,"The cylinder [C_Auto2_PushTray_On] on sensor is on error","The cylinder [C_Auto2_PushTray_On] on sensor is on error","[1] check sensor \r\n[2] check wire \r\n[3] check air or air tube","[1] check sensor \r\n[2] check wire \r\n[3] check air or air tube"
40210,4,"The cylinder [C_Auto2_LeanOnTray_Off] can not off error","The cylinder [C_Auto2_LeanOnTray_Off] can not off error","[1] check sensor \r\n[2] check wire \r\n[3] check air or air tube","[1] check sensor \r\n[2] check wire \r\n[3] check air or air tube"
40211,4,"The cylinder [C_Auto2_LeanOnTray_Off] can not on error","The cylinder [C_Auto2_LeanOnTray_Off] can not on error","[1] check sensor \r\n[2] check wire \r\n[3] check air or air tube","[1] check sensor \r\n[2] check wire \r\n[3] check air or air tube"
40212,4,"The cylinder [C_Auto2_LeanOnTray_Off] off sensor is on error","The cylinder [C_Auto2_LeanOnTray_Off] off sensor is on error","[1] check sensor \r\n[2] check wire \r\n[3] check air or air tube","[1] check sensor \r\n[2] check wire \r\n[3] check air or air tube"
40213,4,"The cylinder [C_Auto2_LeanOnTray_On] can not on error","The cylinder [C_Auto2_LeanOnTray_On] can not on error","[1] check sensor \r\n[2] check wire \r\n[3] check air or air tube","[1] check sensor \r\n[2] check wire \r\n[3] check air or air tube"
40214,4,"The cylinder [C_Auto2_LeanOnTray_On] can not off error","The cylinder [C_Auto2_LeanOnTray_On] can not off error","[1] check sensor \r\n[2] check wire \r\n[3] check air or air tube","[1] check sensor \r\n[2] check wire \r\n[3] check air or air tube"
40215,4,"The cylinder [C_Auto2_LeanOnTray_On] on sensor is on error","The cylinder [C_Auto2_LeanOnTray_On] on sensor is on error","[1] check sensor \r\n[2] check wire \r\n[3] check air or air tube","[1] check sensor \r\n[2] check wire \r\n[3] check air or air tube"
40220,4,"The cylinder [C_Auto3_FrontRiseTray_Off] can not off error","The cylinder [C_Auto3_FrontRiseTray_Off] can not off error","[1] check sensor \r\n[2] check wire \r\n[3] check air or air tube","[1] check sensor \r\n[2] check wire \r\n[3] check air or air tube"
40221,4,"The cylinder [C_Auto3_FrontRiseTray_Off] can not on error","The cylinder [C_Auto3_FrontRiseTray_Off] can not on error","[1] check sensor \r\n[2] check wire \r\n[3] check air or air tube","[1] check sensor \r\n[2] check wire \r\n[3] check air or air tube"
40222,4,"The cylinder [C_Auto3_FrontRiseTray_Off] off sensor is on error","The cylinder [C_Auto3_FrontRiseTray_Off] off sensor is on error","[1] check sensor \r\n[2] check wire \r\n[3] check air or air tube","[1] check sensor \r\n[2] check wire \r\n[3] check air or air tube"
40223,4,"The cylinder [C_Auto3_FrontRiseTray_On] can not on error","The cylinder [C_Auto3_FrontRiseTray_On] can not on error","[1] check sensor \r\n[2] check wire \r\n[3] check air or air tube","[1] check sensor \r\n[2] check wire \r\n[3] check air or air tube"
40224,4,"The cylinder [C_Auto3_FrontRiseTray_On] can not off error","The cylinder [C_Auto3_FrontRiseTray_On] can not off error","[1] check sensor \r\n[2] check wire \r\n[3] check air or air tube","[1] check sensor \r\n[2] check wire \r\n[3] check air or air tube"
40225,4,"The cylinder [C_Auto3_FrontRiseTray_On] on sensor is on error","The cylinder [C_Auto3_FrontRiseTray_On] on sensor is on error","[1] check sensor \r\n[2] check wire \r\n[3] check air or air tube","[1] check sensor \r\n[2] check wire \r\n[3] check air or air tube"
40230,4,"The cylinder [C_Auto3_PushTray_Off] can not off error","The cylinder [C_Auto3_PushTray_Off] can not off error","[1] check sensor \r\n[2] check wire \r\n[3] check air or air tube","[1] check sensor \r\n[2] check wire \r\n[3] check air or air tube"
40231,4,"The cylinder [C_Auto3_PushTray_Off] can not on error","The cylinder [C_Auto3_PushTray_Off] can not on error","[1] check sensor \r\n[2] check wire \r\n[3] check air or air tube","[1] check sensor \r\n[2] check wire \r\n[3] check air or air tube"
40232,4,"The cylinder [C_Auto3_PushTray_Off] off sensor is on error","The cylinder [C_Auto3_PushTray_Off] off sensor is on error","[1] check sensor \r\n[2] check wire \r\n[3] check air or air tube","[1] check sensor \r\n[2] check wire \r\n[3] check air or air tube"
40233,4,"The cylinder [C_Auto3_PushTray_On] can not on error","The cylinder [C_Auto3_PushTray_On] can not on error","[1] check sensor \r\n[2] check wire \r\n[3] check air or air tube","[1] check sensor \r\n[2] check wire \r\n[3] check air or air tube"
40234,4,"The cylinder [C_Auto3_PushTray_On] can not off error","The cylinder [C_Auto3_PushTray_On] can not off error","[1] check sensor \r\n[2] check wire \r\n[3] check air or air tube","[1] check sensor \r\n[2] check wire \r\n[3] check air or air tube"
40235,4,"The cylinder [C_Auto3_PushTray_On] on sensor is on error","The cylinder [C_Auto3_PushTray_On] on sensor is on error","[1] check sensor \r\n[2] check wire \r\n[3] check air or air tube","[1] check sensor \r\n[2] check wire \r\n[3] check air or air tube"
40240,4,"The cylinder [C_Auto3_LeanOnTray_Off] can not off error","The cylinder [C_Auto3_LeanOnTray_Off] can not off error","[1] check sensor \r\n[2] check wire \r\n[3] check air or air tube","[1] check sensor \r\n[2] check wire \r\n[3] check air or air tube"
40241,4,"The cylinder [C_Auto3_LeanOnTray_Off] can not on error","The cylinder [C_Auto3_LeanOnTray_Off] can not on error","[1] check sensor \r\n[2] check wire \r\n[3] check air or air tube","[1] check sensor \r\n[2] check wire \r\n[3] check air or air tube"
40242,4,"The cylinder [C_Auto3_LeanOnTray_Off] off sensor is on error","The cylinder [C_Auto3_LeanOnTray_Off] off sensor is on error","[1] check sensor \r\n[2] check wire \r\n[3] check air or air tube","[1] check sensor \r\n[2] check wire \r\n[3] check air or air tube"
40243,4,"The cylinder [C_Auto3_LeanOnTray_On] can not on error","The cylinder [C_Auto3_LeanOnTray_On] can not on error","[1] check sensor \r\n[2] check wire \r\n[3] check air or air tube","[1] check sensor \r\n[2] check wire \r\n[3] check air or air tube"
40244,4,"The cylinder [C_Auto3_LeanOnTray_On] can not off error","The cylinder [C_Auto3_LeanOnTray_On] can not off error","[1] check sensor \r\n[2] check wire \r\n[3] check air or air tube","[1] check sensor \r\n[2] check wire \r\n[3] check air or air tube"
40245,4,"The cylinder [C_Auto3_LeanOnTray_On] on sensor is on error","The cylinder [C_Auto3_LeanOnTray_On] on sensor is on error","[1] check sensor \r\n[2] check wire \r\n[3] check air or air tube","[1] check sensor \r\n[2] check wire \r\n[3] check air or air tube"
40250,4,"The cylinder [C_Auto4_FrontRiseTray_Off] can not off error","The cylinder [C_Auto4_FrontRiseTray_Off] can not off error","[1] check sensor \r\n[2] check wire \r\n[3] check air or air tube","[1] check sensor \r\n[2] check wire \r\n[3] check air or air tube"
40251,4,"The cylinder [C_Auto4_FrontRiseTray_Off] can not on error","The cylinder [C_Auto4_FrontRiseTray_Off] can not on error","[1] check sensor \r\n[2] check wire \r\n[3] check air or air tube","[1] check sensor \r\n[2] check wire \r\n[3] check air or air tube"
40252,4,"The cylinder [C_Auto4_FrontRiseTray_Off] off sensor is on error","The cylinder [C_Auto4_FrontRiseTray_Off] off sensor is on error","[1] check sensor \r\n[2] check wire \r\n[3] check air or air tube","[1] check sensor \r\n[2] check wire \r\n[3] check air or air tube"
40253,4,"The cylinder [C_Auto4_FrontRiseTray_On] can not on error","The cylinder [C_Auto4_FrontRiseTray_On] can not on error","[1] check sensor \r\n[2] check wire \r\n[3] check air or air tube","[1] check sensor \r\n[2] check wire \r\n[3] check air or air tube"
40254,4,"The cylinder [C_Auto4_FrontRiseTray_On] can not off error","The cylinder [C_Auto4_FrontRiseTray_On] can not off error","[1] check sensor \r\n[2] check wire \r\n[3] check air or air tube","[1] check sensor \r\n[2] check wire \r\n[3] check air or air tube"
40255,4,"The cylinder [C_Auto4_FrontRiseTray_On] on sensor is on error","The cylinder [C_Auto4_FrontRiseTray_On] on sensor is on error","[1] check sensor \r\n[2] check wire \r\n[3] check air or air tube","[1] check sensor \r\n[2] check wire \r\n[3] check air or air tube"
40260,4,"The cylinder [C_Auto4_PushTray_Off] can not off error","The cylinder [C_Auto4_PushTray_Off] can not off error","[1] check sensor \r\n[2] check wire \r\n[3] check air or air tube","[1] check sensor \r\n[2] check wire \r\n[3] check air or air tube"
40261,4,"The cylinder [C_Auto4_PushTray_Off] can not on error","The cylinder [C_Auto4_PushTray_Off] can not on error","[1] check sensor \r\n[2] check wire \r\n[3] check air or air tube","[1] check sensor \r\n[2] check wire \r\n[3] check air or air tube"
40262,4,"The cylinder [C_Auto4_PushTray_Off] off sensor is on error","The cylinder [C_Auto4_PushTray_Off] off sensor is on error","[1] check sensor \r\n[2] check wire \r\n[3] check air or air tube","[1] check sensor \r\n[2] check wire \r\n[3] check air or air tube"
40263,4,"The cylinder [C_Auto4_PushTray_On] can not on error","The cylinder [C_Auto4_PushTray_On] can not on error","[1] check sensor \r\n[2] check wire \r\n[3] check air or air tube","[1] check sensor \r\n[2] check wire \r\n[3] check air or air tube"
40264,4,"The cylinder [C_Auto4_PushTray_On] can not off error","The cylinder [C_Auto4_PushTray_On] can not off error","[1] check sensor \r\n[2] check wire \r\n[3] check air or air tube","[1] check sensor \r\n[2] check wire \r\n[3] check air or air tube"
40265,4,"The cylinder [C_Auto4_PushTray_On] on sensor is on error","The cylinder [C_Auto4_PushTray_On] on sensor is on error","[1] check sensor \r\n[2] check wire \r\n[3] check air or air tube","[1] check sensor \r\n[2] check wire \r\n[3] check air or air tube"
40270,4,"The cylinder [C_Auto4_LeanOnTray_Off] can not off error","The cylinder [C_Auto4_LeanOnTray_Off] can not off error","[1] check sensor \r\n[2] check wire \r\n[3] check air or air tube","[1] check sensor \r\n[2] check wire \r\n[3] check air or air tube"
40271,4,"The cylinder [C_Auto4_LeanOnTray_Off] can not on error","The cylinder [C_Auto4_LeanOnTray_Off] can not on error","[1] check sensor \r\n[2] check wire \r\n[3] check air or air tube","[1] check sensor \r\n[2] check wire \r\n[3] check air or air tube"
40272,4,"The cylinder [C_Auto4_LeanOnTray_Off] off sensor is on error","The cylinder [C_Auto4_LeanOnTray_Off] off sensor is on error","[1] check sensor \r\n[2] check wire \r\n[3] check air or air tube","[1] check sensor \r\n[2] check wire \r\n[3] check air or air tube"
40273,4,"The cylinder [C_Auto4_LeanOnTray_On] can not on error","The cylinder [C_Auto4_LeanOnTray_On] can not on error","[1] check sensor \r\n[2] check wire \r\n[3] check air or air tube","[1] check sensor \r\n[2] check wire \r\n[3] check air or air tube"
40274,4,"The cylinder [C_Auto4_LeanOnTray_On] can not off error","The cylinder [C_Auto4_LeanOnTray_On] can not off error","[1] check sensor \r\n[2] check wire \r\n[3] check air or air tube","[1] check sensor \r\n[2] check wire \r\n[3] check air or air tube"
40275,4,"The cylinder [C_Auto4_LeanOnTray_On] on sensor is on error","The cylinder [C_Auto4_LeanOnTray_On] on sensor is on error","[1] check sensor \r\n[2] check wire \r\n[3] check air or air tube","[1] check sensor \r\n[2] check wire \r\n[3] check air or air tube"
40280,4,"The cylinder [C_Auto5_FrontRiseTray_Off] can not off error","The cylinder [C_Auto5_FrontRiseTray_Off] can not off error","[1] check sensor \r\n[2] check wire \r\n[3] check air or air tube","[1] check sensor \r\n[2] check wire \r\n[3] check air or air tube"
40281,4,"The cylinder [C_Auto5_FrontRiseTray_Off] can not on error","The cylinder [C_Auto5_FrontRiseTray_Off] can not on error","[1] check sensor \r\n[2] check wire \r\n[3] check air or air tube","[1] check sensor \r\n[2] check wire \r\n[3] check air or air tube"
40282,4,"The cylinder [C_Auto5_FrontRiseTray_Off] off sensor is on error","The cylinder [C_Auto5_FrontRiseTray_Off] off sensor is on error","[1] check sensor \r\n[2] check wire \r\n[3] check air or air tube","[1] check sensor \r\n[2] check wire \r\n[3] check air or air tube"
40283,4,"The cylinder [C_Auto5_FrontRiseTray_On] can not on error","The cylinder [C_Auto5_FrontRiseTray_On] can not on error","[1] check sensor \r\n[2] check wire \r\n[3] check air or air tube","[1] check sensor \r\n[2] check wire \r\n[3] check air or air tube"
40284,4,"The cylinder [C_Auto5_FrontRiseTray_On] can not off error","The cylinder [C_Auto5_FrontRiseTray_On] can not off error","[1] check sensor \r\n[2] check wire \r\n[3] check air or air tube","[1] check sensor \r\n[2] check wire \r\n[3] check air or air tube"
40285,4,"The cylinder [C_Auto5_FrontRiseTray_On] on sensor is on error","The cylinder [C_Auto5_FrontRiseTray_On] on sensor is on error","[1] check sensor \r\n[2] check wire \r\n[3] check air or air tube","[1] check sensor \r\n[2] check wire \r\n[3] check air or air tube"
40290,4,"The cylinder [C_Auto5_PushTray_Off] can not off error","The cylinder [C_Auto5_PushTray_Off] can not off error","[1] check sensor \r\n[2] check wire \r\n[3] check air or air tube","[1] check sensor \r\n[2] check wire \r\n[3] check air or air tube"
40291,4,"The cylinder [C_Auto5_PushTray_Off] can not on error","The cylinder [C_Auto5_PushTray_Off] can not on error","[1] check sensor \r\n[2] check wire \r\n[3] check air or air tube","[1] check sensor \r\n[2] check wire \r\n[3] check air or air tube"
40292,4,"The cylinder [C_Auto5_PushTray_Off] off sensor is on error","The cylinder [C_Auto5_PushTray_Off] off sensor is on error","[1] check sensor \r\n[2] check wire \r\n[3] check air or air tube","[1] check sensor \r\n[2] check wire \r\n[3] check air or air tube"
40293,4,"The cylinder [C_Auto5_PushTray_On] can not on error","The cylinder [C_Auto5_PushTray_On] can not on error","[1] check sensor \r\n[2] check wire \r\n[3] check air or air tube","[1] check sensor \r\n[2] check wire \r\n[3] check air or air tube"
40294,4,"The cylinder [C_Auto5_PushTray_On] can not off error","The cylinder [C_Auto5_PushTray_On] can not off error","[1] check sensor \r\n[2] check wire \r\n[3] check air or air tube","[1] check sensor \r\n[2] check wire \r\n[3] check air or air tube"
40295,4,"The cylinder [C_Auto5_PushTray_On] on sensor is on error","The cylinder [C_Auto5_PushTray_On] on sensor is on error","[1] check sensor \r\n[2] check wire \r\n[3] check air or air tube","[1] check sensor \r\n[2] check wire \r\n[3] check air or air tube"
40300,4,"The cylinder [C_Auto5_LeanOnTray_Off] can not off error","The cylinder [C_Auto5_LeanOnTray_Off] can not off error","[1] check sensor \r\n[2] check wire \r\n[3] check air or air tube","[1] check sensor \r\n[2] check wire \r\n[3] check air or air tube"
40301,4,"The cylinder [C_Auto5_LeanOnTray_Off] can not on error","The cylinder [C_Auto5_LeanOnTray_Off] can not on error","[1] check sensor \r\n[2] check wire \r\n[3] check air or air tube","[1] check sensor \r\n[2] check wire \r\n[3] check air or air tube"
40302,4,"The cylinder [C_Auto5_LeanOnTray_Off] off sensor is on error","The cylinder [C_Auto5_LeanOnTray_Off] off sensor is on error","[1] check sensor \r\n[2] check wire \r\n[3] check air or air tube","[1] check sensor \r\n[2] check wire \r\n[3] check air or air tube"
40303,4,"The cylinder [C_Auto5_LeanOnTray_On] can not on error","The cylinder [C_Auto5_LeanOnTray_On] can not on error","[1] check sensor \r\n[2] check wire \r\n[3] check air or air tube","[1] check sensor \r\n[2] check wire \r\n[3] check air or air tube"
40304,4,"The cylinder [C_Auto5_LeanOnTray_On] can not off error","The cylinder [C_Auto5_LeanOnTray_On] can not off error","[1] check sensor \r\n[2] check wire \r\n[3] check air or air tube","[1] check sensor \r\n[2] check wire \r\n[3] check air or air tube"
40305,4,"The cylinder [C_Auto5_LeanOnTray_On] on sensor is on error","The cylinder [C_Auto5_LeanOnTray_On] on sensor is on error","[1] check sensor \r\n[2] check wire \r\n[3] check air or air tube","[1] check sensor \r\n[2] check wire \r\n[3] check air or air tube"
40310,4,"The cylinder [C_Auto6_FrontRiseTray_Off] can not off error","The cylinder [C_Auto6_FrontRiseTray_Off] can not off error","[1] check sensor \r\n[2] check wire \r\n[3] check air or air tube","[1] check sensor \r\n[2] check wire \r\n[3] check air or air tube"
40311,4,"The cylinder [C_Auto6_FrontRiseTray_Off] can not on error","The cylinder [C_Auto6_FrontRiseTray_Off] can not on error","[1] check sensor \r\n[2] check wire \r\n[3] check air or air tube","[1] check sensor \r\n[2] check wire \r\n[3] check air or air tube"
40312,4,"The cylinder [C_Auto6_FrontRiseTray_Off] off sensor is on error","The cylinder [C_Auto6_FrontRiseTray_Off] off sensor is on error","[1] check sensor \r\n[2] check wire \r\n[3] check air or air tube","[1] check sensor \r\n[2] check wire \r\n[3] check air or air tube"
40313,4,"The cylinder [C_Auto6_FrontRiseTray_On] can not on error","The cylinder [C_Auto6_FrontRiseTray_On] can not on error","[1] check sensor \r\n[2] check wire \r\n[3] check air or air tube","[1] check sensor \r\n[2] check wire \r\n[3] check air or air tube"
40314,4,"The cylinder [C_Auto6_FrontRiseTray_On] can not off error","The cylinder [C_Auto6_FrontRiseTray_On] can not off error","[1] check sensor \r\n[2] check wire \r\n[3] check air or air tube","[1] check sensor \r\n[2] check wire \r\n[3] check air or air tube"
40315,4,"The cylinder [C_Auto6_FrontRiseTray_On] on sensor is on error","The cylinder [C_Auto6_FrontRiseTray_On] on sensor is on error","[1] check sensor \r\n[2] check wire \r\n[3] check air or air tube","[1] check sensor \r\n[2] check wire \r\n[3] check air or air tube"
40320,4,"The cylinder [C_Auto6_PushTray_Off] can not off error","The cylinder [C_Auto6_PushTray_Off] can not off error","[1] check sensor \r\n[2] check wire \r\n[3] check air or air tube","[1] check sensor \r\n[2] check wire \r\n[3] check air or air tube"
40321,4,"The cylinder [C_Auto6_PushTray_Off] can not on error","The cylinder [C_Auto6_PushTray_Off] can not on error","[1] check sensor \r\n[2] check wire \r\n[3] check air or air tube","[1] check sensor \r\n[2] check wire \r\n[3] check air or air tube"
40322,4,"The cylinder [C_Auto6_PushTray_Off] off sensor is on error","The cylinder [C_Auto6_PushTray_Off] off sensor is on error","[1] check sensor \r\n[2] check wire \r\n[3] check air or air tube","[1] check sensor \r\n[2] check wire \r\n[3] check air or air tube"
40323,4,"The cylinder [C_Auto6_PushTray_On] can not on error","The cylinder [C_Auto6_PushTray_On] can not on error","[1] check sensor \r\n[2] check wire \r\n[3] check air or air tube","[1] check sensor \r\n[2] check wire \r\n[3] check air or air tube"
40324,4,"The cylinder [C_Auto6_PushTray_On] can not off error","The cylinder [C_Auto6_PushTray_On] can not off error","[1] check sensor \r\n[2] check wire \r\n[3] check air or air tube","[1] check sensor \r\n[2] check wire \r\n[3] check air or air tube"
40325,4,"The cylinder [C_Auto6_PushTray_On] on sensor is on error","The cylinder [C_Auto6_PushTray_On] on sensor is on error","[1] check sensor \r\n[2] check wire \r\n[3] check air or air tube","[1] check sensor \r\n[2] check wire \r\n[3] check air or air tube"
40330,4,"The cylinder [C_Auto6_LeanOnTray_Off] can not off error","The cylinder [C_Auto6_LeanOnTray_Off] can not off error","[1] check sensor \r\n[2] check wire \r\n[3] check air or air tube","[1] check sensor \r\n[2] check wire \r\n[3] check air or air tube"
40331,4,"The cylinder [C_Auto6_LeanOnTray_Off] can not on error","The cylinder [C_Auto6_LeanOnTray_Off] can not on error","[1] check sensor \r\n[2] check wire \r\n[3] check air or air tube","[1] check sensor \r\n[2] check wire \r\n[3] check air or air tube"
40332,4,"The cylinder [C_Auto6_LeanOnTray_Off] off sensor is on error","The cylinder [C_Auto6_LeanOnTray_Off] off sensor is on error","[1] check sensor \r\n[2] check wire \r\n[3] check air or air tube","[1] check sensor \r\n[2] check wire \r\n[3] check air or air tube"
40333,4,"The cylinder [C_Auto6_LeanOnTray_On] can not on error","The cylinder [C_Auto6_LeanOnTray_On] can not on error","[1] check sensor \r\n[2] check wire \r\n[3] check air or air tube","[1] check sensor \r\n[2] check wire \r\n[3] check air or air tube"
40334,4,"The cylinder [C_Auto6_LeanOnTray_On] can not off error","The cylinder [C_Auto6_LeanOnTray_On] can not off error","[1] check sensor \r\n[2] check wire \r\n[3] check air or air tube","[1] check sensor \r\n[2] check wire \r\n[3] check air or air tube"
40335,4,"The cylinder [C_Auto6_LeanOnTray_On] on sensor is on error","The cylinder [C_Auto6_LeanOnTray_On] on sensor is on error","[1] check sensor \r\n[2] check wire \r\n[3] check air or air tube","[1] check sensor \r\n[2] check wire \r\n[3] check air or air tube"
40340,4,"The cylinder [C_Color_FrontRiseTray_1_Off] can not off error","The cylinder [C_Color_FrontRiseTray_1_Off] can not off error","[1] check sensor \r\n[2] check wire \r\n[3] check air or air tube","[1] check sensor \r\n[2] check wire \r\n[3] check air or air tube"
40341,4,"The cylinder [C_Color_FrontRiseTray_1_Off] can not on error","The cylinder [C_Color_FrontRiseTray_1_Off] can not on error","[1] check sensor \r\n[2] check wire \r\n[3] check air or air tube","[1] check sensor \r\n[2] check wire \r\n[3] check air or air tube"
40342,4,"The cylinder [C_Color_FrontRiseTray_1_Off] off sensor is on error","The cylinder [C_Color_FrontRiseTray_1_Off] off sensor is on error","[1] check sensor \r\n[2] check wire \r\n[3] check air or air tube","[1] check sensor \r\n[2] check wire \r\n[3] check air or air tube"
40343,4,"The cylinder [C_Color_FrontRiseTray_1_On] can not on error","The cylinder [C_Color_FrontRiseTray_1_On] can not on error","[1] check sensor \r\n[2] check wire \r\n[3] check air or air tube","[1] check sensor \r\n[2] check wire \r\n[3] check air or air tube"
40344,4,"The cylinder [C_Color_FrontRiseTray_1_On] can not off error","The cylinder [C_Color_FrontRiseTray_1_On] can not off error","[1] check sensor \r\n[2] check wire \r\n[3] check air or air tube","[1] check sensor \r\n[2] check wire \r\n[3] check air or air tube"
40345,4,"The cylinder [C_Color_FrontRiseTray_1_On] on sensor is on error","The cylinder [C_Color_FrontRiseTray_1_On] on sensor is on error","[1] check sensor \r\n[2] check wire \r\n[3] check air or air tube","[1] check sensor \r\n[2] check wire \r\n[3] check air or air tube"
40350,4,"The cylinder [C_Color_FrontRiseTray_2_Off] can not off error","The cylinder [C_Color_FrontRiseTray_2_Off] can not off error","[1] check sensor \r\n[2] check wire \r\n[3] check air or air tube","[1] check sensor \r\n[2] check wire \r\n[3] check air or air tube"
40351,4,"The cylinder [C_Color_FrontRiseTray_2_Off] can not on error","The cylinder [C_Color_FrontRiseTray_2_Off] can not on error","[1] check sensor \r\n[2] check wire \r\n[3] check air or air tube","[1] check sensor \r\n[2] check wire \r\n[3] check air or air tube"
40352,4,"The cylinder [C_Color_FrontRiseTray_2_Off] off sensor is on error","The cylinder [C_Color_FrontRiseTray_2_Off] off sensor is on error","[1] check sensor \r\n[2] check wire \r\n[3] check air or air tube","[1] check sensor \r\n[2] check wire \r\n[3] check air or air tube"
40353,4,"The cylinder [C_Color_FrontRiseTray_2_On] can not on error","The cylinder [C_Color_FrontRiseTray_2_On] can not on error","[1] check sensor \r\n[2] check wire \r\n[3] check air or air tube","[1] check sensor \r\n[2] check wire \r\n[3] check air or air tube"
40354,4,"The cylinder [C_Color_FrontRiseTray_2_On] can not off error","The cylinder [C_Color_FrontRiseTray_2_On] can not off error","[1] check sensor \r\n[2] check wire \r\n[3] check air or air tube","[1] check sensor \r\n[2] check wire \r\n[3] check air or air tube"
40355,4,"The cylinder [C_Color_FrontRiseTray_2_On] on sensor is on error","The cylinder [C_Color_FrontRiseTray_2_On] on sensor is on error","[1] check sensor \r\n[2] check wire \r\n[3] check air or air tube","[1] check sensor \r\n[2] check wire \r\n[3] check air or air tube"
40360,4,"The cylinder [C_Color_PushTray_Off] can not off error","The cylinder [C_Color_PushTray_Off] can not off error","[1] check sensor \r\n[2] check wire \r\n[3] check air or air tube","[1] check sensor \r\n[2] check wire \r\n[3] check air or air tube"
40361,4,"The cylinder [C_Color_PushTray_Off] can not on error","The cylinder [C_Color_PushTray_Off] can not on error","[1] check sensor \r\n[2] check wire \r\n[3] check air or air tube","[1] check sensor \r\n[2] check wire \r\n[3] check air or air tube"
40362,4,"The cylinder [C_Color_PushTray_Off] off sensor is on error","The cylinder [C_Color_PushTray_Off] off sensor is on error","[1] check sensor \r\n[2] check wire \r\n[3] check air or air tube","[1] check sensor \r\n[2] check wire \r\n[3] check air or air tube"
40363,4,"The cylinder [C_Color_PushTray_On] can not on error","The cylinder [C_Color_PushTray_On] can not on error","[1] check sensor \r\n[2] check wire \r\n[3] check air or air tube","[1] check sensor \r\n[2] check wire \r\n[3] check air or air tube"
40364,4,"The cylinder [C_Color_PushTray_On] can not off error","The cylinder [C_Color_PushTray_On] can not off error","[1] check sensor \r\n[2] check wire \r\n[3] check air or air tube","[1] check sensor \r\n[2] check wire \r\n[3] check air or air tube"
40365,4,"The cylinder [C_Color_PushTray_On] on sensor is on error","The cylinder [C_Color_PushTray_On] on sensor is on error","[1] check sensor \r\n[2] check wire \r\n[3] check air or air tube","[1] check sensor \r\n[2] check wire \r\n[3] check air or air tube"
40370,4,"The cylinder [C_Color_LeanOnTray_Off] can not off error","The cylinder [C_Color_LeanOnTray_Off] can not off error","[1] check sensor \r\n[2] check wire \r\n[3] check air or air tube","[1] check sensor \r\n[2] check wire \r\n[3] check air or air tube"
40371,4,"The cylinder [C_Color_LeanOnTray_Off] can not on error","The cylinder [C_Color_LeanOnTray_Off] can not on error","[1] check sensor \r\n[2] check wire \r\n[3] check air or air tube","[1] check sensor \r\n[2] check wire \r\n[3] check air or air tube"
40372,4,"The cylinder [C_Color_LeanOnTray_Off] off sensor is on error","The cylinder [C_Color_LeanOnTray_Off] off sensor is on error","[1] check sensor \r\n[2] check wire \r\n[3] check air or air tube","[1] check sensor \r\n[2] check wire \r\n[3] check air or air tube"
40373,4,"The cylinder [C_Color_LeanOnTray_On] can not on error","The cylinder [C_Color_LeanOnTray_On] can not on error","[1] check sensor \r\n[2] check wire \r\n[3] check air or air tube","[1] check sensor \r\n[2] check wire \r\n[3] check air or air tube"
40374,4,"The cylinder [C_Color_LeanOnTray_On] can not off error","The cylinder [C_Color_LeanOnTray_On] can not off error","[1] check sensor \r\n[2] check wire \r\n[3] check air or air tube","[1] check sensor \r\n[2] check wire \r\n[3] check air or air tube"
40375,4,"The cylinder [C_Color_LeanOnTray_On] on sensor is on error","The cylinder [C_Color_LeanOnTray_On] on sensor is on error","[1] check sensor \r\n[2] check wire \r\n[3] check air or air tube","[1] check sensor \r\n[2] check wire \r\n[3] check air or air tube"
40380,4,"The cylinder [C_Color_FrontSeparateTray_1_Off] can not off error","The cylinder [C_Color_FrontSeparateTray_1_Off] can not off error","[1] check sensor \r\n[2] check wire \r\n[3] check air or air tube","[1] check sensor \r\n[2] check wire \r\n[3] check air or air tube"
40381,4,"The cylinder [C_Color_FrontSeparateTray_1_Off] can not on error","The cylinder [C_Color_FrontSeparateTray_1_Off] can not on error","[1] check sensor \r\n[2] check wire \r\n[3] check air or air tube","[1] check sensor \r\n[2] check wire \r\n[3] check air or air tube"
40382,4,"The cylinder [C_Color_FrontSeparateTray_1_Off] off sensor is on error","The cylinder [C_Color_FrontSeparateTray_1_Off] off sensor is on error","[1] check sensor \r\n[2] check wire \r\n[3] check air or air tube","[1] check sensor \r\n[2] check wire \r\n[3] check air or air tube"
40383,4,"The cylinder [C_Color_FrontSeparateTray_1_On] can not on error","The cylinder [C_Color_FrontSeparateTray_1_On] can not on error","[1] check sensor \r\n[2] check wire \r\n[3] check air or air tube","[1] check sensor \r\n[2] check wire \r\n[3] check air or air tube"
40384,4,"The cylinder [C_Color_FrontSeparateTray_1_On] can not off error","The cylinder [C_Color_FrontSeparateTray_1_On] can not off error","[1] check sensor \r\n[2] check wire \r\n[3] check air or air tube","[1] check sensor \r\n[2] check wire \r\n[3] check air or air tube"
40385,4,"The cylinder [C_Color_FrontSeparateTray_1_On] on sensor is on error","The cylinder [C_Color_FrontSeparateTray_1_On] on sensor is on error","[1] check sensor \r\n[2] check wire \r\n[3] check air or air tube","[1] check sensor \r\n[2] check wire \r\n[3] check air or air tube"
50000,5,"[M01 - MSortingArmX] Motor --Motor Power Off Error","[M01 - MSortingArmX] Motor --Motor Power Off Error","[1] check power \r\n[2] check wire \r\n[3] check machine","[1] check power \r\n[2] check wire \r\n[3] check machine"
50001,5,"[M01 - MSortingArmX] Motor --Motor Out Of Torque Error","[M01 - MSortingArmX] Motor --Motor Out Of Torque Error","[1] check power \r\n[2] check wire \r\n[3] check machine","[1] check power \r\n[2] check wire \r\n[3] check machine"
50002,5,"[M01 - MSortingArmX] Motor --Motor CW sensor ON Error","[M01 - MSortingArmX] Motor --Motor CW sensor ON Error","[1] check power \r\n[2] check wire \r\n[3] check machine","[1] check power \r\n[2] check wire \r\n[3] check machine"
50003,5,"[M01 - MSortingArmX] Motor --Motor CCW sensor ON Error","[M01 - MSortingArmX] Motor --Motor CCW sensor ON Error","[1] check power \r\n[2] check wire \r\n[3] check machine","[1] check power \r\n[2] check wire \r\n[3] check machine"
50004,5,"[M01 - MSortingArmX] Motor --Motor Soft P position Error","[M01 - MSortingArmX] Motor --Motor Soft P position Error","[1] check power \r\n[2] check wire \r\n[3] check machine","[1] check power \r\n[2] check wire \r\n[3] check machine"
50005,5,"[M01 - MSortingArmX] Motor --Motor Soft N position Error","[M01 - MSortingArmX] Motor --Motor Soft N position Error","[1] check power \r\n[2] check wire \r\n[3] check machine","[1] check power \r\n[2] check wire \r\n[3] check machine"
50006,5,"[M01 - MSortingArmX] Motor --Motor position Error,Home and restart","[M01 - MSortingArmX] Motor --Motor position Error,Home and restart","[1] check power \r\n[2] check wire \r\n[3] check machine","[1] check power \r\n[2] check wire \r\n[3] check machine"
50007,5,"[M01 - MSortingArmX] Motor --Motor Undefine Error","[M01 - MSortingArmX] Motor --Motor Undefine Error","[1] check power \r\n[2] check wire \r\n[3] check machine","[1] check power \r\n[2] check wire \r\n[3] check machine"
50008,5,"[M01 - MSortingArmX] Motor --Motor Target will Out Of Limit Position Error","[M01 - MSortingArmX] Motor --Motor Target will Out Of Limit Position Error","[1] check power \r\n[2] check wire \r\n[3] check machine","[1] check power \r\n[2] check wire \r\n[3] check machine"
50010,5,"[M02 - MTrayArmX] Motor --Motor Power Off Error","[M02 - MTrayArmX] Motor --Motor Power Off Error","[1] check power \r\n[2] check wire \r\n[3] check machine","[1] check power \r\n[2] check wire \r\n[3] check machine"
50011,5,"[M02 - MTrayArmX] Motor --Motor Out Of Torque Error","[M02 - MTrayArmX] Motor --Motor Out Of Torque Error","[1] check power \r\n[2] check wire \r\n[3] check machine","[1] check power \r\n[2] check wire \r\n[3] check machine"
50012,5,"[M02 - MTrayArmX] Motor --Motor CW sensor ON Error","[M02 - MTrayArmX] Motor --Motor CW sensor ON Error","[1] check power \r\n[2] check wire \r\n[3] check machine","[1] check power \r\n[2] check wire \r\n[3] check machine"
50013,5,"[M02 - MTrayArmX] Motor --Motor CCW sensor ON Error","[M02 - MTrayArmX] Motor --Motor CCW sensor ON Error","[1] check power \r\n[2] check wire \r\n[3] check machine","[1] check power \r\n[2] check wire \r\n[3] check machine"
50014,5,"[M02 - MTrayArmX] Motor --Motor Soft P position Error","[M02 - MTrayArmX] Motor --Motor Soft P position Error","[1] check power \r\n[2] check wire \r\n[3] check machine","[1] check power \r\n[2] check wire \r\n[3] check machine"
50015,5,"[M02 - MTrayArmX] Motor --Motor Soft N position Error","[M02 - MTrayArmX] Motor --Motor Soft N position Error","[1] check power \r\n[2] check wire \r\n[3] check machine","[1] check power \r\n[2] check wire \r\n[3] check machine"
50016,5,"[M02 - MTrayArmX] Motor --Motor position Error,Home and restart","[M02 - MTrayArmX] Motor --Motor position Error,Home and restart","[1] check power \r\n[2] check wire \r\n[3] check machine","[1] check power \r\n[2] check wire \r\n[3] check machine"
50017,5,"[M02 - MTrayArmX] Motor --Motor Undefine Error","[M02 - MTrayArmX] Motor --Motor Undefine Error","[1] check power \r\n[2] check wire \r\n[3] check machine","[1] check power \r\n[2] check wire \r\n[3] check machine"
50018,5,"[M02 - MTrayArmX] Motor --Motor Target will Out Of Limit Position Error","[M02 - MTrayArmX] Motor --Motor Target will Out Of Limit Position Error","[1] check power \r\n[2] check wire \r\n[3] check machine","[1] check power \r\n[2] check wire \r\n[3] check machine"
50020,5,"[M03 - MEmptyY] Motor --Motor Power Off Error","[M03 - MEmptyY] Motor --Motor Power Off Error","[1] check power \r\n[2] check wire \r\n[3] check machine","[1] check power \r\n[2] check wire \r\n[3] check machine"
50021,5,"[M03 - MEmptyY] Motor --Motor Out Of Torque Error","[M03 - MEmptyY] Motor --Motor Out Of Torque Error","[1] check power \r\n[2] check wire \r\n[3] check machine","[1] check power \r\n[2] check wire \r\n[3] check machine"
50022,5,"[M03 - MEmptyY] Motor --Motor CW sensor ON Error","[M03 - MEmptyY] Motor --Motor CW sensor ON Error","[1] check power \r\n[2] check wire \r\n[3] check machine","[1] check power \r\n[2] check wire \r\n[3] check machine"
50023,5,"[M03 - MEmptyY] Motor --Motor CCW sensor ON Error","[M03 - MEmptyY] Motor --Motor CCW sensor ON Error","[1] check power \r\n[2] check wire \r\n[3] check machine","[1] check power \r\n[2] check wire \r\n[3] check machine"
50024,5,"[M03 - MEmptyY] Motor --Motor Soft P position Error","[M03 - MEmptyY] Motor --Motor Soft P position Error","[1] check power \r\n[2] check wire \r\n[3] check machine","[1] check power \r\n[2] check wire \r\n[3] check machine"
50025,5,"[M03 - MEmptyY] Motor --Motor Soft N position Error","[M03 - MEmptyY] Motor --Motor Soft N position Error","[1] check power \r\n[2] check wire \r\n[3] check machine","[1] check power \r\n[2] check wire \r\n[3] check machine"
50026,5,"[M03 - MEmptyY] Motor --Motor position Error,Home and restart","[M03 - MEmptyY] Motor --Motor position Error,Home and restart","[1] check power \r\n[2] check wire \r\n[3] check machine","[1] check power \r\n[2] check wire \r\n[3] check machine"
50027,5,"[M03 - MEmptyY] Motor --Motor Undefine Error","[M03 - MEmptyY] Motor --Motor Undefine Error","[1] check power \r\n[2] check wire \r\n[3] check machine","[1] check power \r\n[2] check wire \r\n[3] check machine"
50028,5,"[M03 - MEmptyY] Motor --Motor Target will Out Of Limit Position Error","[M03 - MEmptyY] Motor --Motor Target will Out Of Limit Position Error","[1] check power \r\n[2] check wire \r\n[3] check machine","[1] check power \r\n[2] check wire \r\n[3] check machine"
50030,5,"[M04 - MLoaderY_1] Motor --Motor Power Off Error","[M04 - MLoaderY_1] Motor --Motor Power Off Error","[1] check power \r\n[2] check wire \r\n[3] check machine","[1] check power \r\n[2] check wire \r\n[3] check machine"
50031,5,"[M04 - MLoaderY_1] Motor --Motor Out Of Torque Error","[M04 - MLoaderY_1] Motor --Motor Out Of Torque Error","[1] check power \r\n[2] check wire \r\n[3] check machine","[1] check power \r\n[2] check wire \r\n[3] check machine"
50032,5,"[M04 - MLoaderY_1] Motor --Motor CW sensor ON Error","[M04 - MLoaderY_1] Motor --Motor CW sensor ON Error","[1] check power \r\n[2] check wire \r\n[3] check machine","[1] check power \r\n[2] check wire \r\n[3] check machine"
50033,5,"[M04 - MLoaderY_1] Motor --Motor CCW sensor ON Error","[M04 - MLoaderY_1] Motor --Motor CCW sensor ON Error","[1] check power \r\n[2] check wire \r\n[3] check machine","[1] check power \r\n[2] check wire \r\n[3] check machine"
50034,5,"[M04 - MLoaderY_1] Motor --Motor Soft P position Error","[M04 - MLoaderY_1] Motor --Motor Soft P position Error","[1] check power \r\n[2] check wire \r\n[3] check machine","[1] check power \r\n[2] check wire \r\n[3] check machine"
50035,5,"[M04 - MLoaderY_1] Motor --Motor Soft N position Error","[M04 - MLoaderY_1] Motor --Motor Soft N position Error","[1] check power \r\n[2] check wire \r\n[3] check machine","[1] check power \r\n[2] check wire \r\n[3] check machine"
50036,5,"[M04 - MLoaderY_1] Motor --Motor position Error,Home and restart","[M04 - MLoaderY_1] Motor --Motor position Error,Home and restart","[1] check power \r\n[2] check wire \r\n[3] check machine","[1] check power \r\n[2] check wire \r\n[3] check machine"
50037,5,"[M04 - MLoaderY_1] Motor --Motor Undefine Error","[M04 - MLoaderY_1] Motor --Motor Undefine Error","[1] check power \r\n[2] check wire \r\n[3] check machine","[1] check power \r\n[2] check wire \r\n[3] check machine"
50038,5,"[M04 - MLoaderY_1] Motor --Motor Target will Out Of Limit Position Error","[M04 - MLoaderY_1] Motor --Motor Target will Out Of Limit Position Error","[1] check power \r\n[2] check wire \r\n[3] check machine","[1] check power \r\n[2] check wire \r\n[3] check machine"
50040,5,"[M05 - MLoaderY_2] Motor --Motor Power Off Error","[M05 - MLoaderY_2] Motor --Motor Power Off Error","[1] check power \r\n[2] check wire \r\n[3] check machine","[1] check power \r\n[2] check wire \r\n[3] check machine"
50041,5,"[M05 - MLoaderY_2] Motor --Motor Out Of Torque Error","[M05 - MLoaderY_2] Motor --Motor Out Of Torque Error","[1] check power \r\n[2] check wire \r\n[3] check machine","[1] check power \r\n[2] check wire \r\n[3] check machine"
50042,5,"[M05 - MLoaderY_2] Motor --Motor CW sensor ON Error","[M05 - MLoaderY_2] Motor --Motor CW sensor ON Error","[1] check power \r\n[2] check wire \r\n[3] check machine","[1] check power \r\n[2] check wire \r\n[3] check machine"
50043,5,"[M05 - MLoaderY_2] Motor --Motor CCW sensor ON Error","[M05 - MLoaderY_2] Motor --Motor CCW sensor ON Error","[1] check power \r\n[2] check wire \r\n[3] check machine","[1] check power \r\n[2] check wire \r\n[3] check machine"
50044,5,"[M05 - MLoaderY_2] Motor --Motor Soft P position Error","[M05 - MLoaderY_2] Motor --Motor Soft P position Error","[1] check power \r\n[2] check wire \r\n[3] check machine","[1] check power \r\n[2] check wire \r\n[3] check machine"
50045,5,"[M05 - MLoaderY_2] Motor --Motor Soft N position Error","[M05 - MLoaderY_2] Motor --Motor Soft N position Error","[1] check power \r\n[2] check wire \r\n[3] check machine","[1] check power \r\n[2] check wire \r\n[3] check machine"
50046,5,"[M05 - MLoaderY_2] Motor --Motor position Error,Home and restart","[M05 - MLoaderY_2] Motor --Motor position Error,Home and restart","[1] check power \r\n[2] check wire \r\n[3] check machine","[1] check power \r\n[2] check wire \r\n[3] check machine"
50047,5,"[M05 - MLoaderY_2] Motor --Motor Undefine Error","[M05 - MLoaderY_2] Motor --Motor Undefine Error","[1] check power \r\n[2] check wire \r\n[3] check machine","[1] check power \r\n[2] check wire \r\n[3] check machine"
50048,5,"[M05 - MLoaderY_2] Motor --Motor Target will Out Of Limit Position Error","[M05 - MLoaderY_2] Motor --Motor Target will Out Of Limit Position Error","[1] check power \r\n[2] check wire \r\n[3] check machine","[1] check power \r\n[2] check wire \r\n[3] check machine"
50050,5,"[M06 - MAutoY_1] Motor --Motor Power Off Error","[M06 - MAutoY_1] Motor --Motor Power Off Error","[1] check power \r\n[2] check wire \r\n[3] check machine","[1] check power \r\n[2] check wire \r\n[3] check machine"
50051,5,"[M06 - MAutoY_1] Motor --Motor Out Of Torque Error","[M06 - MAutoY_1] Motor --Motor Out Of Torque Error","[1] check power \r\n[2] check wire \r\n[3] check machine","[1] check power \r\n[2] check wire \r\n[3] check machine"
50052,5,"[M06 - MAutoY_1] Motor --Motor CW sensor ON Error","[M06 - MAutoY_1] Motor --Motor CW sensor ON Error","[1] check power \r\n[2] check wire \r\n[3] check machine","[1] check power \r\n[2] check wire \r\n[3] check machine"
50053,5,"[M06 - MAutoY_1] Motor --Motor CCW sensor ON Error","[M06 - MAutoY_1] Motor --Motor CCW sensor ON Error","[1] check power \r\n[2] check wire \r\n[3] check machine","[1] check power \r\n[2] check wire \r\n[3] check machine"
50054,5,"[M06 - MAutoY_1] Motor --Motor Soft P position Error","[M06 - MAutoY_1] Motor --Motor Soft P position Error","[1] check power \r\n[2] check wire \r\n[3] check machine","[1] check power \r\n[2] check wire \r\n[3] check machine"
50055,5,"[M06 - MAutoY_1] Motor --Motor Soft N position Error","[M06 - MAutoY_1] Motor --Motor Soft N position Error","[1] check power \r\n[2] check wire \r\n[3] check machine","[1] check power \r\n[2] check wire \r\n[3] check machine"
50056,5,"[M06 - MAutoY_1] Motor --Motor position Error,Home and restart","[M06 - MAutoY_1] Motor --Motor position Error,Home and restart","[1] check power \r\n[2] check wire \r\n[3] check machine","[1] check power \r\n[2] check wire \r\n[3] check machine"
50057,5,"[M06 - MAutoY_1] Motor --Motor Undefine Error","[M06 - MAutoY_1] Motor --Motor Undefine Error","[1] check power \r\n[2] check wire \r\n[3] check machine","[1] check power \r\n[2] check wire \r\n[3] check machine"
50058,5,"[M06 - MAutoY_1] Motor --Motor Target will Out Of Limit Position Error","[M06 - MAutoY_1] Motor --Motor Target will Out Of Limit Position Error","[1] check power \r\n[2] check wire \r\n[3] check machine","[1] check power \r\n[2] check wire \r\n[3] check machine"
50060,5,"[M07 - MAutoY_2] Motor --Motor Power Off Error","[M07 - MAutoY_2] Motor --Motor Power Off Error","[1] check power \r\n[2] check wire \r\n[3] check machine","[1] check power \r\n[2] check wire \r\n[3] check machine"
50061,5,"[M07 - MAutoY_2] Motor --Motor Out Of Torque Error","[M07 - MAutoY_2] Motor --Motor Out Of Torque Error","[1] check power \r\n[2] check wire \r\n[3] check machine","[1] check power \r\n[2] check wire \r\n[3] check machine"
50062,5,"[M07 - MAutoY_2] Motor --Motor CW sensor ON Error","[M07 - MAutoY_2] Motor --Motor CW sensor ON Error","[1] check power \r\n[2] check wire \r\n[3] check machine","[1] check power \r\n[2] check wire \r\n[3] check machine"
50063,5,"[M07 - MAutoY_2] Motor --Motor CCW sensor ON Error","[M07 - MAutoY_2] Motor --Motor CCW sensor ON Error","[1] check power \r\n[2] check wire \r\n[3] check machine","[1] check power \r\n[2] check wire \r\n[3] check machine"
50064,5,"[M07 - MAutoY_2] Motor --Motor Soft P position Error","[M07 - MAutoY_2] Motor --Motor Soft P position Error","[1] check power \r\n[2] check wire \r\n[3] check machine","[1] check power \r\n[2] check wire \r\n[3] check machine"
50065,5,"[M07 - MAutoY_2] Motor --Motor Soft N position Error","[M07 - MAutoY_2] Motor --Motor Soft N position Error","[1] check power \r\n[2] check wire \r\n[3] check machine","[1] check power \r\n[2] check wire \r\n[3] check machine"
50066,5,"[M07 - MAutoY_2] Motor --Motor position Error,Home and restart","[M07 - MAutoY_2] Motor --Motor position Error,Home and restart","[1] check power \r\n[2] check wire \r\n[3] check machine","[1] check power \r\n[2] check wire \r\n[3] check machine"
50067,5,"[M07 - MAutoY_2] Motor --Motor Undefine Error","[M07 - MAutoY_2] Motor --Motor Undefine Error","[1] check power \r\n[2] check wire \r\n[3] check machine","[1] check power \r\n[2] check wire \r\n[3] check machine"
50068,5,"[M07 - MAutoY_2] Motor --Motor Target will Out Of Limit Position Error","[M07 - MAutoY_2] Motor --Motor Target will Out Of Limit Position Error","[1] check power \r\n[2] check wire \r\n[3] check machine","[1] check power \r\n[2] check wire \r\n[3] check machine"
50070,5,"[M08 - MAutoY_3] Motor --Motor Power Off Error","[M08 - MAutoY_3] Motor --Motor Power Off Error","[1] check power \r\n[2] check wire \r\n[3] check machine","[1] check power \r\n[2] check wire \r\n[3] check machine"
50071,5,"[M08 - MAutoY_3] Motor --Motor Out Of Torque Error","[M08 - MAutoY_3] Motor --Motor Out Of Torque Error","[1] check power \r\n[2] check wire \r\n[3] check machine","[1] check power \r\n[2] check wire \r\n[3] check machine"
50072,5,"[M08 - MAutoY_3] Motor --Motor CW sensor ON Error","[M08 - MAutoY_3] Motor --Motor CW sensor ON Error","[1] check power \r\n[2] check wire \r\n[3] check machine","[1] check power \r\n[2] check wire \r\n[3] check machine"
50073,5,"[M08 - MAutoY_3] Motor --Motor CCW sensor ON Error","[M08 - MAutoY_3] Motor --Motor CCW sensor ON Error","[1] check power \r\n[2] check wire \r\n[3] check machine","[1] check power \r\n[2] check wire \r\n[3] check machine"
50074,5,"[M08 - MAutoY_3] Motor --Motor Soft P position Error","[M08 - MAutoY_3] Motor --Motor Soft P position Error","[1] check power \r\n[2] check wire \r\n[3] check machine","[1] check power \r\n[2] check wire \r\n[3] check machine"
50075,5,"[M08 - MAutoY_3] Motor --Motor Soft N position Error","[M08 - MAutoY_3] Motor --Motor Soft N position Error","[1] check power \r\n[2] check wire \r\n[3] check machine","[1] check power \r\n[2] check wire \r\n[3] check machine"
50076,5,"[M08 - MAutoY_3] Motor --Motor position Error,Home and restart","[M08 - MAutoY_3] Motor --Motor position Error,Home and restart","[1] check power \r\n[2] check wire \r\n[3] check machine","[1] check power \r\n[2] check wire \r\n[3] check machine"
50077,5,"[M08 - MAutoY_3] Motor --Motor Undefine Error","[M08 - MAutoY_3] Motor --Motor Undefine Error","[1] check power \r\n[2] check wire \r\n[3] check machine","[1] check power \r\n[2] check wire \r\n[3] check machine"
50078,5,"[M08 - MAutoY_3] Motor --Motor Target will Out Of Limit Position Error","[M08 - MAutoY_3] Motor --Motor Target will Out Of Limit Position Error","[1] check power \r\n[2] check wire \r\n[3] check machine","[1] check power \r\n[2] check wire \r\n[3] check machine"
50080,5,"[M09 - MAutoY_4] Motor --Motor Power Off Error","[M09 - MAutoY_4] Motor --Motor Power Off Error","[1] check power \r\n[2] check wire \r\n[3] check machine","[1] check power \r\n[2] check wire \r\n[3] check machine"
50081,5,"[M09 - MAutoY_4] Motor --Motor Out Of Torque Error","[M09 - MAutoY_4] Motor --Motor Out Of Torque Error","[1] check power \r\n[2] check wire \r\n[3] check machine","[1] check power \r\n[2] check wire \r\n[3] check machine"
50082,5,"[M09 - MAutoY_4] Motor --Motor CW sensor ON Error","[M09 - MAutoY_4] Motor --Motor CW sensor ON Error","[1] check power \r\n[2] check wire \r\n[3] check machine","[1] check power \r\n[2] check wire \r\n[3] check machine"
50083,5,"[M09 - MAutoY_4] Motor --Motor CCW sensor ON Error","[M09 - MAutoY_4] Motor --Motor CCW sensor ON Error","[1] check power \r\n[2] check wire \r\n[3] check machine","[1] check power \r\n[2] check wire \r\n[3] check machine"
50084,5,"[M09 - MAutoY_4] Motor --Motor Soft P position Error","[M09 - MAutoY_4] Motor --Motor Soft P position Error","[1] check power \r\n[2] check wire \r\n[3] check machine","[1] check power \r\n[2] check wire \r\n[3] check machine"
50085,5,"[M09 - MAutoY_4] Motor --Motor Soft N position Error","[M09 - MAutoY_4] Motor --Motor Soft N position Error","[1] check power \r\n[2] check wire \r\n[3] check machine","[1] check power \r\n[2] check wire \r\n[3] check machine"
50086,5,"[M09 - MAutoY_4] Motor --Motor position Error,Home and restart","[M09 - MAutoY_4] Motor --Motor position Error,Home and restart","[1] check power \r\n[2] check wire \r\n[3] check machine","[1] check power \r\n[2] check wire \r\n[3] check machine"
50087,5,"[M09 - MAutoY_4] Motor --Motor Undefine Error","[M09 - MAutoY_4] Motor --Motor Undefine Error","[1] check power \r\n[2] check wire \r\n[3] check machine","[1] check power \r\n[2] check wire \r\n[3] check machine"
50088,5,"[M09 - MAutoY_4] Motor --Motor Target will Out Of Limit Position Error","[M09 - MAutoY_4] Motor --Motor Target will Out Of Limit Position Error","[1] check power \r\n[2] check wire \r\n[3] check machine","[1] check power \r\n[2] check wire \r\n[3] check machine"
50090,5,"[M10 - MAutoY_5] Motor --Motor Power Off Error","[M10 - MAutoY_5] Motor --Motor Power Off Error","[1] check power \r\n[2] check wire \r\n[3] check machine","[1] check power \r\n[2] check wire \r\n[3] check machine"
50091,5,"[M10 - MAutoY_5] Motor --Motor Out Of Torque Error","[M10 - MAutoY_5] Motor --Motor Out Of Torque Error","[1] check power \r\n[2] check wire \r\n[3] check machine","[1] check power \r\n[2] check wire \r\n[3] check machine"
50092,5,"[M10 - MAutoY_5] Motor --Motor CW sensor ON Error","[M10 - MAutoY_5] Motor --Motor CW sensor ON Error","[1] check power \r\n[2] check wire \r\n[3] check machine","[1] check power \r\n[2] check wire \r\n[3] check machine"
50093,5,"[M10 - MAutoY_5] Motor --Motor CCW sensor ON Error","[M10 - MAutoY_5] Motor --Motor CCW sensor ON Error","[1] check power \r\n[2] check wire \r\n[3] check machine","[1] check power \r\n[2] check wire \r\n[3] check machine"
50094,5,"[M10 - MAutoY_5] Motor --Motor Soft P position Error","[M10 - MAutoY_5] Motor --Motor Soft P position Error","[1] check power \r\n[2] check wire \r\n[3] check machine","[1] check power \r\n[2] check wire \r\n[3] check machine"
50095,5,"[M10 - MAutoY_5] Motor --Motor Soft N position Error","[M10 - MAutoY_5] Motor --Motor Soft N position Error","[1] check power \r\n[2] check wire \r\n[3] check machine","[1] check power \r\n[2] check wire \r\n[3] check machine"
50096,5,"[M10 - MAutoY_5] Motor --Motor position Error,Home and restart","[M10 - MAutoY_5] Motor --Motor position Error,Home and restart","[1] check power \r\n[2] check wire \r\n[3] check machine","[1] check power \r\n[2] check wire \r\n[3] check machine"
50097,5,"[M10 - MAutoY_5] Motor --Motor Undefine Error","[M10 - MAutoY_5] Motor --Motor Undefine Error","[1] check power \r\n[2] check wire \r\n[3] check machine","[1] check power \r\n[2] check wire \r\n[3] check machine"
50098,5,"[M10 - MAutoY_5] Motor --Motor Target will Out Of Limit Position Error","[M10 - MAutoY_5] Motor --Motor Target will Out Of Limit Position Error","[1] check power \r\n[2] check wire \r\n[3] check machine","[1] check power \r\n[2] check wire \r\n[3] check machine"
50100,5,"[M11 - MAutoY_6] Motor --Motor Power Off Error","[M11 - MAutoY_6] Motor --Motor Power Off Error","[1] check power \r\n[2] check wire \r\n[3] check machine","[1] check power \r\n[2] check wire \r\n[3] check machine"
50101,5,"[M11 - MAutoY_6] Motor --Motor Out Of Torque Error","[M11 - MAutoY_6] Motor --Motor Out Of Torque Error","[1] check power \r\n[2] check wire \r\n[3] check machine","[1] check power \r\n[2] check wire \r\n[3] check machine"
50102,5,"[M11 - MAutoY_6] Motor --Motor CW sensor ON Error","[M11 - MAutoY_6] Motor --Motor CW sensor ON Error","[1] check power \r\n[2] check wire \r\n[3] check machine","[1] check power \r\n[2] check wire \r\n[3] check machine"
50103,5,"[M11 - MAutoY_6] Motor --Motor CCW sensor ON Error","[M11 - MAutoY_6] Motor --Motor CCW sensor ON Error","[1] check power \r\n[2] check wire \r\n[3] check machine","[1] check power \r\n[2] check wire \r\n[3] check machine"
50104,5,"[M11 - MAutoY_6] Motor --Motor Soft P position Error","[M11 - MAutoY_6] Motor --Motor Soft P position Error","[1] check power \r\n[2] check wire \r\n[3] check machine","[1] check power \r\n[2] check wire \r\n[3] check machine"
50105,5,"[M11 - MAutoY_6] Motor --Motor Soft N position Error","[M11 - MAutoY_6] Motor --Motor Soft N position Error","[1] check power \r\n[2] check wire \r\n[3] check machine","[1] check power \r\n[2] check wire \r\n[3] check machine"
50106,5,"[M11 - MAutoY_6] Motor --Motor position Error,Home and restart","[M11 - MAutoY_6] Motor --Motor position Error,Home and restart","[1] check power \r\n[2] check wire \r\n[3] check machine","[1] check power \r\n[2] check wire \r\n[3] check machine"
50107,5,"[M11 - MAutoY_6] Motor --Motor Undefine Error","[M11 - MAutoY_6] Motor --Motor Undefine Error","[1] check power \r\n[2] check wire \r\n[3] check machine","[1] check power \r\n[2] check wire \r\n[3] check machine"
50108,5,"[M11 - MAutoY_6] Motor --Motor Target will Out Of Limit Position Error","[M11 - MAutoY_6] Motor --Motor Target will Out Of Limit Position Error","[1] check power \r\n[2] check wire \r\n[3] check machine","[1] check power \r\n[2] check wire \r\n[3] check machine"
50110,5,"[M12 - MTopCCDX] Motor --Motor Power Off Error","[M12 - MTopCCDX] Motor --Motor Power Off Error","[1] check power \r\n[2] check wire \r\n[3] check machine","[1] check power \r\n[2] check wire \r\n[3] check machine"
50111,5,"[M12 - MTopCCDX] Motor --Motor Out Of Torque Error","[M12 - MTopCCDX] Motor --Motor Out Of Torque Error","[1] check power \r\n[2] check wire \r\n[3] check machine","[1] check power \r\n[2] check wire \r\n[3] check machine"
50112,5,"[M12 - MTopCCDX] Motor --Motor CW sensor ON Error","[M12 - MTopCCDX] Motor --Motor CW sensor ON Error","[1] check power \r\n[2] check wire \r\n[3] check machine","[1] check power \r\n[2] check wire \r\n[3] check machine"
50113,5,"[M12 - MTopCCDX] Motor --Motor CCW sensor ON Error","[M12 - MTopCCDX] Motor --Motor CCW sensor ON Error","[1] check power \r\n[2] check wire \r\n[3] check machine","[1] check power \r\n[2] check wire \r\n[3] check machine"
50114,5,"[M12 - MTopCCDX] Motor --Motor Soft P position Error","[M12 - MTopCCDX] Motor --Motor Soft P position Error","[1] check power \r\n[2] check wire \r\n[3] check machine","[1] check power \r\n[2] check wire \r\n[3] check machine"
50115,5,"[M12 - MTopCCDX] Motor --Motor Soft N position Error","[M12 - MTopCCDX] Motor --Motor Soft N position Error","[1] check power \r\n[2] check wire \r\n[3] check machine","[1] check power \r\n[2] check wire \r\n[3] check machine"
50116,5,"[M12 - MTopCCDX] Motor --Motor position Error,Home and restart","[M12 - MTopCCDX] Motor --Motor position Error,Home and restart","[1] check power \r\n[2] check wire \r\n[3] check machine","[1] check power \r\n[2] check wire \r\n[3] check machine"
50117,5,"[M12 - MTopCCDX] Motor --Motor Undefine Error","[M12 - MTopCCDX] Motor --Motor Undefine Error","[1] check power \r\n[2] check wire \r\n[3] check machine","[1] check power \r\n[2] check wire \r\n[3] check machine"
50118,5,"[M12 - MTopCCDX] Motor --Motor Target will Out Of Limit Position Error","[M12 - MTopCCDX] Motor --Motor Target will Out Of Limit Position Error","[1] check power \r\n[2] check wire \r\n[3] check machine","[1] check power \r\n[2] check wire \r\n[3] check machine"
50120,5,"[M13 - MBottomCCDY] Motor --Motor Power Off Error","[M13 - MBottomCCDY] Motor --Motor Power Off Error","[1] check power \r\n[2] check wire \r\n[3] check machine","[1] check power \r\n[2] check wire \r\n[3] check machine"
50121,5,"[M13 - MBottomCCDY] Motor --Motor Out Of Torque Error","[M13 - MBottomCCDY] Motor --Motor Out Of Torque Error","[1] check power \r\n[2] check wire \r\n[3] check machine","[1] check power \r\n[2] check wire \r\n[3] check machine"
50122,5,"[M13 - MBottomCCDY] Motor --Motor CW sensor ON Error","[M13 - MBottomCCDY] Motor --Motor CW sensor ON Error","[1] check power \r\n[2] check wire \r\n[3] check machine","[1] check power \r\n[2] check wire \r\n[3] check machine"
50123,5,"[M13 - MBottomCCDY] Motor --Motor CCW sensor ON Error","[M13 - MBottomCCDY] Motor --Motor CCW sensor ON Error","[1] check power \r\n[2] check wire \r\n[3] check machine","[1] check power \r\n[2] check wire \r\n[3] check machine"
50124,5,"[M13 - MBottomCCDY] Motor --Motor Soft P position Error","[M13 - MBottomCCDY] Motor --Motor Soft P position Error","[1] check power \r\n[2] check wire \r\n[3] check machine","[1] check power \r\n[2] check wire \r\n[3] check machine"
50125,5,"[M13 - MBottomCCDY] Motor --Motor Soft N position Error","[M13 - MBottomCCDY] Motor --Motor Soft N position Error","[1] check power \r\n[2] check wire \r\n[3] check machine","[1] check power \r\n[2] check wire \r\n[3] check machine"
50126,5,"[M13 - MBottomCCDY] Motor --Motor position Error,Home and restart","[M13 - MBottomCCDY] Motor --Motor position Error,Home and restart","[1] check power \r\n[2] check wire \r\n[3] check machine","[1] check power \r\n[2] check wire \r\n[3] check machine"
50127,5,"[M13 - MBottomCCDY] Motor --Motor Undefine Error","[M13 - MBottomCCDY] Motor --Motor Undefine Error","[1] check power \r\n[2] check wire \r\n[3] check machine","[1] check power \r\n[2] check wire \r\n[3] check machine"
50128,5,"[M13 - MBottomCCDY] Motor --Motor Target will Out Of Limit Position Error","[M13 - MBottomCCDY] Motor --Motor Target will Out Of Limit Position Error","[1] check power \r\n[2] check wire \r\n[3] check machine","[1] check power \r\n[2] check wire \r\n[3] check machine"
50130,5,"[M14 - MSuckZ_1] Motor --Motor Power Off Error","[M14 - MSuckZ_1] Motor --Motor Power Off Error","[1] check power \r\n[2] check wire \r\n[3] check machine","[1] check power \r\n[2] check wire \r\n[3] check machine"
50131,5,"[M14 - MSuckZ_1] Motor --Motor Out Of Torque Error","[M14 - MSuckZ_1] Motor --Motor Out Of Torque Error","[1] check power \r\n[2] check wire \r\n[3] check machine","[1] check power \r\n[2] check wire \r\n[3] check machine"
50132,5,"[M14 - MSuckZ_1] Motor --Motor CW sensor ON Error","[M14 - MSuckZ_1] Motor --Motor CW sensor ON Error","[1] check power \r\n[2] check wire \r\n[3] check machine","[1] check power \r\n[2] check wire \r\n[3] check machine"
50133,5,"[M14 - MSuckZ_1] Motor --Motor CCW sensor ON Error","[M14 - MSuckZ_1] Motor --Motor CCW sensor ON Error","[1] check power \r\n[2] check wire \r\n[3] check machine","[1] check power \r\n[2] check wire \r\n[3] check machine"
50134,5,"[M14 - MSuckZ_1] Motor --Motor Soft P position Error","[M14 - MSuckZ_1] Motor --Motor Soft P position Error","[1] check power \r\n[2] check wire \r\n[3] check machine","[1] check power \r\n[2] check wire \r\n[3] check machine"
50135,5,"[M14 - MSuckZ_1] Motor --Motor Soft N position Error","[M14 - MSuckZ_1] Motor --Motor Soft N position Error","[1] check power \r\n[2] check wire \r\n[3] check machine","[1] check power \r\n[2] check wire \r\n[3] check machine"
50136,5,"[M14 - MSuckZ_1] Motor --Motor position Error,Home and restart","[M14 - MSuckZ_1] Motor --Motor position Error,Home and restart","[1] check power \r\n[2] check wire \r\n[3] check machine","[1] check power \r\n[2] check wire \r\n[3] check machine"
50137,5,"[M14 - MSuckZ_1] Motor --Motor Undefine Error","[M14 - MSuckZ_1] Motor --Motor Undefine Error","[1] check power \r\n[2] check wire \r\n[3] check machine","[1] check power \r\n[2] check wire \r\n[3] check machine"
50138,5,"[M14 - MSuckZ_1] Motor --Motor Target will Out Of Limit Position Error","[M14 - MSuckZ_1] Motor --Motor Target will Out Of Limit Position Error","[1] check power \r\n[2] check wire \r\n[3] check machine","[1] check power \r\n[2] check wire \r\n[3] check machine"
50140,5,"[M15 - MSuckZ_2] Motor --Motor Power Off Error","[M15 - MSuckZ_2] Motor --Motor Power Off Error","[1] check power \r\n[2] check wire \r\n[3] check machine","[1] check power \r\n[2] check wire \r\n[3] check machine"
50141,5,"[M15 - MSuckZ_2] Motor --Motor Out Of Torque Error","[M15 - MSuckZ_2] Motor --Motor Out Of Torque Error","[1] check power \r\n[2] check wire \r\n[3] check machine","[1] check power \r\n[2] check wire \r\n[3] check machine"
50142,5,"[M15 - MSuckZ_2] Motor --Motor CW sensor ON Error","[M15 - MSuckZ_2] Motor --Motor CW sensor ON Error","[1] check power \r\n[2] check wire \r\n[3] check machine","[1] check power \r\n[2] check wire \r\n[3] check machine"
50143,5,"[M15 - MSuckZ_2] Motor --Motor CCW sensor ON Error","[M15 - MSuckZ_2] Motor --Motor CCW sensor ON Error","[1] check power \r\n[2] check wire \r\n[3] check machine","[1] check power \r\n[2] check wire \r\n[3] check machine"
50144,5,"[M15 - MSuckZ_2] Motor --Motor Soft P position Error","[M15 - MSuckZ_2] Motor --Motor Soft P position Error","[1] check power \r\n[2] check wire \r\n[3] check machine","[1] check power \r\n[2] check wire \r\n[3] check machine"
50145,5,"[M15 - MSuckZ_2] Motor --Motor Soft N position Error","[M15 - MSuckZ_2] Motor --Motor Soft N position Error","[1] check power \r\n[2] check wire \r\n[3] check machine","[1] check power \r\n[2] check wire \r\n[3] check machine"
50146,5,"[M15 - MSuckZ_2] Motor --Motor position Error,Home and restart","[M15 - MSuckZ_2] Motor --Motor position Error,Home and restart","[1] check power \r\n[2] check wire \r\n[3] check machine","[1] check power \r\n[2] check wire \r\n[3] check machine"
50147,5,"[M15 - MSuckZ_2] Motor --Motor Undefine Error","[M15 - MSuckZ_2] Motor --Motor Undefine Error","[1] check power \r\n[2] check wire \r\n[3] check machine","[1] check power \r\n[2] check wire \r\n[3] check machine"
50148,5,"[M15 - MSuckZ_2] Motor --Motor Target will Out Of Limit Position Error","[M15 - MSuckZ_2] Motor --Motor Target will Out Of Limit Position Error","[1] check power \r\n[2] check wire \r\n[3] check machine","[1] check power \r\n[2] check wire \r\n[3] check machine"
50150,5,"[M16 - MSuckZ_3] Motor --Motor Power Off Error","[M16 - MSuckZ_3] Motor --Motor Power Off Error","[1] check power \r\n[2] check wire \r\n[3] check machine","[1] check power \r\n[2] check wire \r\n[3] check machine"
50151,5,"[M16 - MSuckZ_3] Motor --Motor Out Of Torque Error","[M16 - MSuckZ_3] Motor --Motor Out Of Torque Error","[1] check power \r\n[2] check wire \r\n[3] check machine","[1] check power \r\n[2] check wire \r\n[3] check machine"
50152,5,"[M16 - MSuckZ_3] Motor --Motor CW sensor ON Error","[M16 - MSuckZ_3] Motor --Motor CW sensor ON Error","[1] check power \r\n[2] check wire \r\n[3] check machine","[1] check power \r\n[2] check wire \r\n[3] check machine"
50153,5,"[M16 - MSuckZ_3] Motor --Motor CCW sensor ON Error","[M16 - MSuckZ_3] Motor --Motor CCW sensor ON Error","[1] check power \r\n[2] check wire \r\n[3] check machine","[1] check power \r\n[2] check wire \r\n[3] check machine"
50154,5,"[M16 - MSuckZ_3] Motor --Motor Soft P position Error","[M16 - MSuckZ_3] Motor --Motor Soft P position Error","[1] check power \r\n[2] check wire \r\n[3] check machine","[1] check power \r\n[2] check wire \r\n[3] check machine"
50155,5,"[M16 - MSuckZ_3] Motor --Motor Soft N position Error","[M16 - MSuckZ_3] Motor --Motor Soft N position Error","[1] check power \r\n[2] check wire \r\n[3] check machine","[1] check power \r\n[2] check wire \r\n[3] check machine"
50156,5,"[M16 - MSuckZ_3] Motor --Motor position Error,Home and restart","[M16 - MSuckZ_3] Motor --Motor position Error,Home and restart","[1] check power \r\n[2] check wire \r\n[3] check machine","[1] check power \r\n[2] check wire \r\n[3] check machine"
50157,5,"[M16 - MSuckZ_3] Motor --Motor Undefine Error","[M16 - MSuckZ_3] Motor --Motor Undefine Error","[1] check power \r\n[2] check wire \r\n[3] check machine","[1] check power \r\n[2] check wire \r\n[3] check machine"
50158,5,"[M16 - MSuckZ_3] Motor --Motor Target will Out Of Limit Position Error","[M16 - MSuckZ_3] Motor --Motor Target will Out Of Limit Position Error","[1] check power \r\n[2] check wire \r\n[3] check machine","[1] check power \r\n[2] check wire \r\n[3] check machine"
50160,5,"[M17 - MSuckZ_4] Motor --Motor Power Off Error","[M17 - MSuckZ_4] Motor --Motor Power Off Error","[1] check power \r\n[2] check wire \r\n[3] check machine","[1] check power \r\n[2] check wire \r\n[3] check machine"
50161,5,"[M17 - MSuckZ_4] Motor --Motor Out Of Torque Error","[M17 - MSuckZ_4] Motor --Motor Out Of Torque Error","[1] check power \r\n[2] check wire \r\n[3] check machine","[1] check power \r\n[2] check wire \r\n[3] check machine"
50162,5,"[M17 - MSuckZ_4] Motor --Motor CW sensor ON Error","[M17 - MSuckZ_4] Motor --Motor CW sensor ON Error","[1] check power \r\n[2] check wire \r\n[3] check machine","[1] check power \r\n[2] check wire \r\n[3] check machine"
50163,5,"[M17 - MSuckZ_4] Motor --Motor CCW sensor ON Error","[M17 - MSuckZ_4] Motor --Motor CCW sensor ON Error","[1] check power \r\n[2] check wire \r\n[3] check machine","[1] check power \r\n[2] check wire \r\n[3] check machine"
50164,5,"[M17 - MSuckZ_4] Motor --Motor Soft P position Error","[M17 - MSuckZ_4] Motor --Motor Soft P position Error","[1] check power \r\n[2] check wire \r\n[3] check machine","[1] check power \r\n[2] check wire \r\n[3] check machine"
50165,5,"[M17 - MSuckZ_4] Motor --Motor Soft N position Error","[M17 - MSuckZ_4] Motor --Motor Soft N position Error","[1] check power \r\n[2] check wire \r\n[3] check machine","[1] check power \r\n[2] check wire \r\n[3] check machine"
50166,5,"[M17 - MSuckZ_4] Motor --Motor position Error,Home and restart","[M17 - MSuckZ_4] Motor --Motor position Error,Home and restart","[1] check power \r\n[2] check wire \r\n[3] check machine","[1] check power \r\n[2] check wire \r\n[3] check machine"
50167,5,"[M17 - MSuckZ_4] Motor --Motor Undefine Error","[M17 - MSuckZ_4] Motor --Motor Undefine Error","[1] check power \r\n[2] check wire \r\n[3] check machine","[1] check power \r\n[2] check wire \r\n[3] check machine"
50168,5,"[M17 - MSuckZ_4] Motor --Motor Target will Out Of Limit Position Error","[M17 - MSuckZ_4] Motor --Motor Target will Out Of Limit Position Error","[1] check power \r\n[2] check wire \r\n[3] check machine","[1] check power \r\n[2] check wire \r\n[3] check machine"
50170,5,"[M18 - MPitchX] Motor --Motor Power Off Error","[M18 - MPitchX] Motor --Motor Power Off Error","[1] check power \r\n[2] check wire \r\n[3] check machine","[1] check power \r\n[2] check wire \r\n[3] check machine"
50171,5,"[M18 - MPitchX] Motor --Motor Out Of Torque Error","[M18 - MPitchX] Motor --Motor Out Of Torque Error","[1] check power \r\n[2] check wire \r\n[3] check machine","[1] check power \r\n[2] check wire \r\n[3] check machine"
50172,5,"[M18 - MPitchX] Motor --Motor CW sensor ON Error","[M18 - MPitchX] Motor --Motor CW sensor ON Error","[1] check power \r\n[2] check wire \r\n[3] check machine","[1] check power \r\n[2] check wire \r\n[3] check machine"
50173,5,"[M18 - MPitchX] Motor --Motor CCW sensor ON Error","[M18 - MPitchX] Motor --Motor CCW sensor ON Error","[1] check power \r\n[2] check wire \r\n[3] check machine","[1] check power \r\n[2] check wire \r\n[3] check machine"
50174,5,"[M18 - MPitchX] Motor --Motor Soft P position Error","[M18 - MPitchX] Motor --Motor Soft P position Error","[1] check power \r\n[2] check wire \r\n[3] check machine","[1] check power \r\n[2] check wire \r\n[3] check machine"
50175,5,"[M18 - MPitchX] Motor --Motor Soft N position Error","[M18 - MPitchX] Motor --Motor Soft N position Error","[1] check power \r\n[2] check wire \r\n[3] check machine","[1] check power \r\n[2] check wire \r\n[3] check machine"
50176,5,"[M18 - MPitchX] Motor --Motor position Error,Home and restart","[M18 - MPitchX] Motor --Motor position Error,Home and restart","[1] check power \r\n[2] check wire \r\n[3] check machine","[1] check power \r\n[2] check wire \r\n[3] check machine"
50177,5,"[M18 - MPitchX] Motor --Motor Undefine Error","[M18 - MPitchX] Motor --Motor Undefine Error","[1] check power \r\n[2] check wire \r\n[3] check machine","[1] check power \r\n[2] check wire \r\n[3] check machine"
50178,5,"[M18 - MPitchX] Motor --Motor Target will Out Of Limit Position Error","[M18 - MPitchX] Motor --Motor Target will Out Of Limit Position Error","[1] check power \r\n[2] check wire \r\n[3] check machine","[1] check power \r\n[2] check wire \r\n[3] check machine"
50180,5,"[M19 - MColorY] Motor --Motor Power Off Error","[M19 - MColorY] Motor --Motor Power Off Error","[1] check power \r\n[2] check wire \r\n[3] check machine","[1] check power \r\n[2] check wire \r\n[3] check machine"
50181,5,"[M19 - MColorY] Motor --Motor Out Of Torque Error","[M19 - MColorY] Motor --Motor Out Of Torque Error","[1] check power \r\n[2] check wire \r\n[3] check machine","[1] check power \r\n[2] check wire \r\n[3] check machine"
50182,5,"[M19 - MColorY] Motor --Motor CW sensor ON Error","[M19 - MColorY] Motor --Motor CW sensor ON Error","[1] check power \r\n[2] check wire \r\n[3] check machine","[1] check power \r\n[2] check wire \r\n[3] check machine"
50183,5,"[M19 - MColorY] Motor --Motor CCW sensor ON Error","[M19 - MColorY] Motor --Motor CCW sensor ON Error","[1] check power \r\n[2] check wire \r\n[3] check machine","[1] check power \r\n[2] check wire \r\n[3] check machine"
50184,5,"[M19 - MColorY] Motor --Motor Soft P position Error","[M19 - MColorY] Motor --Motor Soft P position Error","[1] check power \r\n[2] check wire \r\n[3] check machine","[1] check power \r\n[2] check wire \r\n[3] check machine"
50185,5,"[M19 - MColorY] Motor --Motor Soft N position Error","[M19 - MColorY] Motor --Motor Soft N position Error","[1] check power \r\n[2] check wire \r\n[3] check machine","[1] check power \r\n[2] check wire \r\n[3] check machine"
50186,5,"[M19 - MColorY] Motor --Motor position Error,Home and restart","[M19 - MColorY] Motor --Motor position Error,Home and restart","[1] check power \r\n[2] check wire \r\n[3] check machine","[1] check power \r\n[2] check wire \r\n[3] check machine"
50187,5,"[M19 - MColorY] Motor --Motor Undefine Error","[M19 - MColorY] Motor --Motor Undefine Error","[1] check power \r\n[2] check wire \r\n[3] check machine","[1] check power \r\n[2] check wire \r\n[3] check machine"
50188,5,"[M19 - MColorY] Motor --Motor Target will Out Of Limit Position Error","[M19 - MColorY] Motor --Motor Target will Out Of Limit Position Error","[1] check power \r\n[2] check wire \r\n[3] check machine","[1] check power \r\n[2] check wire \r\n[3] check machine"
50190,5,"[M20 - MTopCCDX_Color] Motor --Motor Power Off Error","[M20 - MTopCCDX_Color] Motor --Motor Power Off Error","[1] check power \r\n[2] check wire \r\n[3] check machine","[1] check power \r\n[2] check wire \r\n[3] check machine"
50191,5,"[M20 - MTopCCDX_Color] Motor --Motor Out Of Torque Error","[M20 - MTopCCDX_Color] Motor --Motor Out Of Torque Error","[1] check power \r\n[2] check wire \r\n[3] check machine","[1] check power \r\n[2] check wire \r\n[3] check machine"
50192,5,"[M20 - MTopCCDX_Color] Motor --Motor CW sensor ON Error","[M20 - MTopCCDX_Color] Motor --Motor CW sensor ON Error","[1] check power \r\n[2] check wire \r\n[3] check machine","[1] check power \r\n[2] check wire \r\n[3] check machine"
50193,5,"[M20 - MTopCCDX_Color] Motor --Motor CCW sensor ON Error","[M20 - MTopCCDX_Color] Motor --Motor CCW sensor ON Error","[1] check power \r\n[2] check wire \r\n[3] check machine","[1] check power \r\n[2] check wire \r\n[3] check machine"
50194,5,"[M20 - MTopCCDX_Color] Motor --Motor Soft P position Error","[M20 - MTopCCDX_Color] Motor --Motor Soft P position Error","[1] check power \r\n[2] check wire \r\n[3] check machine","[1] check power \r\n[2] check wire \r\n[3] check machine"
50195,5,"[M20 - MTopCCDX_Color] Motor --Motor Soft N position Error","[M20 - MTopCCDX_Color] Motor --Motor Soft N position Error","[1] check power \r\n[2] check wire \r\n[3] check machine","[1] check power \r\n[2] check wire \r\n[3] check machine"
50196,5,"[M20 - MTopCCDX_Color] Motor --Motor position Error,Home and restart","[M20 - MTopCCDX_Color] Motor --Motor position Error,Home and restart","[1] check power \r\n[2] check wire \r\n[3] check machine","[1] check power \r\n[2] check wire \r\n[3] check machine"
50197,5,"[M20 - MTopCCDX_Color] Motor --Motor Undefine Error","[M20 - MTopCCDX_Color] Motor --Motor Undefine Error","[1] check power \r\n[2] check wire \r\n[3] check machine","[1] check power \r\n[2] check wire \r\n[3] check machine"
50198,5,"[M20 - MTopCCDX_Color] Motor --Motor Target will Out Of Limit Position Error","[M20 - MTopCCDX_Color] Motor --Motor Target will Out Of Limit Position Error","[1] check power \r\n[2] check wire \r\n[3] check machine","[1] check power \r\n[2] check wire \r\n[3] check machine"
60000,6,"Suck--Pick Up Error","Suck--Pick Up Error","[1] check vacuum \r\n[2] check wire \r\n[3] check air or air tube","[1] check vacuum \r\n[2] check wire \r\n[3] check air or air tube"
60001,6,"Suck--Destory Error","Suck--Destory Error","[1] check vacuum \r\n[2] check wire \r\n[3] check air or air tube","[1] check vacuum \r\n[2] check wire \r\n[3] check air or air tube"
60002,6,"Suck--Vacuum Sensor Off Error","Suck--Vacuum Sensor Off Error","[1] check vacuum \r\n[2] check wire \r\n[3] check air or air tube","[1] check vacuum \r\n[2] check wire \r\n[3] check air or air tube"
60003,6,"Suck--Device Be Droped Error","Suck--Device Be Droped Error","[1] check vacuum \r\n[2] check wire \r\n[3] check air or air tube","[1] check vacuum \r\n[2] check wire \r\n[3] check air or air tube"
60004,6,"Suck--Initial Sensor Off Error","Suck--Initial Sensor Off Error","[1] check vacuum \r\n[2] check wire \r\n[3] check air or air tube","[1] check vacuum \r\n[2] check wire \r\n[3] check air or air tube"
60005,6,"Suck--Initial Sensor On Error","Suck--Initial Sensor On Error","[1] check vacuum \r\n[2] check wire \r\n[3] check air or air tube","[1] check vacuum \r\n[2] check wire \r\n[3] check air or air tube"
JAM0913,0,"Loader Tray Lost On Carriage","Loader Tray Lost On Carriage","",""
JAM1030,0,"Empty Push Tray Miss","Empty Push Tray Miss","",""
JAM1102,0,"Auto1 : Auto push tray miss","Auto1 : Auto push tray miss","",""
JAM1111,0,"Auto1 : Auto rear tray data but no-tray sensor","Auto1 : Auto rear tray data but no-tray sensor","",""
JAM1202,0,"Auto2 : Auto push tray miss","Auto2 : Auto push tray miss","",""
JAM1211,0,"Auto2 : Auto rear tray data but no-tray sensor","Auto2 : Auto rear tray data but no-tray sensor","",""
JAM1302,0,"Auto3 : Auto push tray miss","Auto3 : Auto push tray miss","",""
JAM1311,0,"Auto3 : Auto rear tray data but no-tray sensor","Auto3 : Auto rear tray data but no-tray sensor","",""
JAM1402,0,"Auto4 : Auto push tray miss","Auto4 : Auto push tray miss","",""
JAM1411,0,"Auto4 : Auto rear tray data but no-tray sensor","Auto4 : Auto rear tray data but no-tray sensor","",""
JAM1502,0,"Auto5 : Auto push tray miss","Auto5 : Auto push tray miss","",""
JAM1511,0,"Auto5 : Auto rear tray data but no-tray sensor","Auto5 : Auto rear tray data but no-tray sensor","",""
JAM1602,0,"Auto6 : Auto push tray miss","Auto6 : Auto push tray miss","",""
JAM1611,0,"Auto6 : Auto rear tray data but no-tray sensor","Auto6 : Auto rear tray data but no-tray sensor","",""
MES0920,1,"Loader Tray Empty","Loader Tray Empty","",""
MES0924,1,"Loader rear has a leftover tray","Loader rear has a leftover tray","",""
MES0925,1,"Loader front rise cylinder not retracted (C_Loader_FrontRiseTray_1)","Loader front rise cylinder not retracted (C_Loader_FrontRiseTray_1)","",""
MES1021,1,"Bottom Empty Tray Is Miss Error","Bottom Empty Tray Is Miss Error","",""
MES1022,1,"Empty supply magazine empty","Empty supply magazine empty","",""
MES1023,1,"Empty supply stack full (sensor)","Empty supply stack full (sensor)","",""
MES1024,1,"Front Empty Tray Is Miss Error","Front Empty Tray Is Miss Error","",""
MES1025,1,"Empty carriage still holds a tray after clean-out - remove it","Empty carriage still holds a tray after clean-out - remove it","",""
MES1120,1,"Auto1 : Auto output stack full (sensor)","Auto1 : Auto output stack full (sensor)","",""
MES1123,1,"Auto1 : Auto clean-out residual tray after drain","Auto1 : Auto clean-out residual tray after drain","",""
MES1125,1,"Auto1 : Auto output car full","Auto1 : Auto output car full","",""
MES1220,1,"Auto2 : Auto output stack full (sensor)","Auto2 : Auto output stack full (sensor)","",""
MES1223,1,"Auto2 : Auto clean-out residual tray after drain","Auto2 : Auto clean-out residual tray after drain","",""
MES1225,1,"Auto2 : Auto output car full","Auto2 : Auto output car full","",""
MES1320,1,"Auto3 : Auto output stack full (sensor)","Auto3 : Auto output stack full (sensor)","",""
MES1323,1,"Auto3 : Auto clean-out residual tray after drain","Auto3 : Auto clean-out residual tray after drain","",""
MES1325,1,"Auto3 : Auto output car full","Auto3 : Auto output car full","",""
MES1420,1,"Auto4 : Auto output stack full (sensor)","Auto4 : Auto output stack full (sensor)","",""
MES1421,1,"Color supply tray is not ready","Color supply tray is not ready","",""
MES1422,1,"Color Push Tray Miss","Color Push Tray Miss","",""
MES1423,1,"Auto4 : Auto clean-out residual tray after drain","Auto4 : Auto clean-out residual tray after drain","",""
MES1424,1,"Color front supply tray is missing","Color front supply tray is missing","",""
MES1425,1,"Auto4 : Auto output car full","Auto4 : Auto output car full","",""
MES1426,1,"Color rear has a leftover tray","Color rear has a leftover tray","",""
MES1427,1,"Color supply stack full (sensor)","Color supply stack full (sensor)","",""
MES1428,1,"Color carriage still holds a tray after clean-out - remove it","Color carriage still holds a tray after clean-out - remove it","",""
MES1520,1,"Auto5 : Auto output stack full (sensor)","Auto5 : Auto output stack full (sensor)","",""
MES1523,1,"Auto5 : Auto clean-out residual tray after drain","Auto5 : Auto clean-out residual tray after drain","",""
MES1525,1,"Auto5 : Auto output car full","Auto5 : Auto output car full","",""
MES1620,1,"Auto6 : Auto output stack full (sensor)","Auto6 : Auto output stack full (sensor)","",""
MES1623,1,"Auto6 : Auto clean-out residual tray after drain","Auto6 : Auto clean-out residual tray after drain","",""
MES1625,1,"Auto6 : Auto output car full","Auto6 : Auto output car full","",""
MES1721,1,"TrayArm pick blocked - rear source not ready","TrayArm pick blocked - rear source not ready","",""
MES1722,1,"TrayArm holds an unidentified tray","TrayArm holds an unidentified tray","",""
MES1723,1,"TrayArm place blocked - destination rear not free","TrayArm place blocked - destination rear not free","",""
MES1921,1,"SortArm blocked - waiting for the destination Auto to receive a tray","SortArm blocked - waiting for the destination Auto to receive a tray","",""
WAR0154,8,"Sorting Arm X motor will out of limit","Sorting Arm X motor will out of limit","",""
WAR0330,8,"Top CCD API not ready","Top CCD API not ready","",""
WAR0462,8,"Top CCD 2D no response (2DID communication time out)","Top CCD 2D no response (2DID communication time out)","[1] check CCD power/cable \r\n[2] check vision PC program \r\n[3] check COM/socket","[1] check CCD power/cable \r\n[2] check vision PC program \r\n[3] check COM/socket"
WAR0475,8,"2D code not found in any lot","2D code not found in any lot","",""
WAR0962,1,"AGV/AMR handshake timeout - AGV did not respond","AGV/AMR handshake timeout - AGV did not respond","",""
WAR0970,8,"Color CCD 2D no response (Tray ID communication time out)","Color CCD 2D no response (Tray ID communication time out)","[1] check CCD power/cable \r\n[2] check vision PC program \r\n[3] check COM/socket","[1] check CCD power/cable \r\n[2] check vision PC program \r\n[3] check COM/socket"
WAR1130,8,"Auto1 : Auto feed tray miss","Auto1 : Auto feed tray miss","",""
WAR1230,8,"Auto2 : Auto feed tray miss","Auto2 : Auto feed tray miss","",""
WAR1330,8,"Auto3 : Auto feed tray miss","Auto3 : Auto feed tray miss","",""
WAR1430,8,"Auto4 : Auto feed tray miss","Auto4 : Auto feed tray miss","",""
WAR1530,8,"Auto5 : Auto feed tray miss","Auto5 : Auto feed tray miss","",""
WAR16120,8,"Top CCD connect not ready (Loader Tray ID no respond)","Top CCD connect not ready (Loader Tray ID no respond)","[1] check CCD power/cable \r\n[2] check vision PC program \r\n[3] check COM/socket","[1] check CCD power/cable \r\n[2] check vision PC program \r\n[3] check COM/socket"
WAR16121,8,"Color CCD connect not ready (Color Tray ID no respond)","Color CCD connect not ready (Color Tray ID no respond)","[1] check CCD power/cable \r\n[2] check vision PC program \r\n[3] check COM/socket","[1] check CCD power/cable \r\n[2] check vision PC program \r\n[3] check COM/socket"
WAR1630,8,"Auto6 : Auto feed tray miss","Auto6 : Auto feed tray miss","",""
